Date,T-Bill ETF,US AggETF,Emerging Market ETF,Russell 1000 ETF
2009-12-31,91.74,,111.44,61.31
2010-01-04,91.7,,113.33,62.32
2010-01-05,91.68,,113.63,62.52
2010-01-06,91.68,,113.71,62.6
2010-01-07,91.68,,114.19,62.85
2010-01-08,91.68,,114.57,63.06
2010-01-11,91.68,,114.73,63.15
2010-01-12,91.68,,113.66,62.54
2010-01-13,91.72,,114.62,63.06
2010-01-14,91.7,,114.93,63.24
2010-01-15,91.7,,113.64,62.54
2010-01-19,91.7,,115.06,63.31
2010-01-20,91.7,,113.89,62.66
2010-01-21,91.7,,111.7,61.53
2010-01-22,91.7,,109.21,60.17
2010-01-25,91.72,,109.77,60.49
2010-01-26,91.72,,109.31,60.19
2010-01-27,91.74,,109.83,60.49
2010-01-28,91.72,,108.57,59.78
2010-01-29,91.74,,107.39,59.09
2010-02-01,91.72,,109.06,59.97
2010-02-02,91.7,,110.38,60.75
2010-02-03,91.74,,109.83,60.43
2010-02-04,91.74,,106.44,58.57
2010-02-05,91.74,,106.66,58.72
2010-02-08,91.74,,105.89,58.25
2010-02-09,91.74,,107.22,58.99
2010-02-10,91.74,,107.01,58.88
2010-02-11,91.74,,108.13,59.53
2010-02-12,91.74,,108.04,59.53
2010-02-16,91.74,,109.74,60.5
2010-02-17,91.68,,110.26,60.77
2010-02-18,91.72,,110.91,61.14
2010-02-19,91.68,,111.14,61.3
2010-02-22,91.72,,111.16,61.26
2010-02-23,91.68,,109.81,60.47
2010-02-24,91.72,,110.82,61.07
2010-02-25,91.72,,110.67,61.01
2010-02-26,91.72,,110.74,61.02
2010-03-01,91.68,,111.89,61.71
2010-03-02,91.7,,112.2,61.89
2010-03-03,91.68,,112.3,61.97
2010-03-04,91.68,,112.641,62.14
2010-03-05,91.68,,114.25,63.03
2010-03-08,91.68,,114.27,63.06
2010-03-09,91.68,,114.46,63.16
2010-03-10,91.7,,114.97,63.45
2010-03-11,91.68,,115.45,63.7
2010-03-12,91.68,,115.46,63.75
2010-03-15,91.68,,115.49,63.74
2010-03-16,91.68,,116.41,64.26
2010-03-17,91.68,,117.1,64.67
2010-03-18,91.68,,117.0375,64.59
2010-03-19,91.68,,115.97,64.24
2010-03-22,91.7,,116.5925,64.62
2010-03-23,91.7,,117.41,65.07
2010-03-24,91.68,,116.84,64.5
2010-03-25,91.72,,116.65,64.38
2010-03-26,91.72,,116.582,64.36
2010-03-29,91.68,,117.32,64.78
2010-03-30,91.68,,117.4,64.83
2010-03-31,91.72,,117.0,64.62
2010-04-01,91.72,,117.8,65.02
2010-04-05,91.68,,118.76,65.64
2010-04-06,91.68,,119.04,65.77
2010-04-07,91.68,,118.36,65.43
2010-04-08,91.68,,118.7725,65.64
2010-04-09,91.68,,119.55,66.04
2010-04-12,91.68,,119.74,66.16
2010-04-13,91.68,,119.83,66.21
2010-04-14,91.68,,121.19,67.0
2010-04-15,91.68,,121.29,67.06
2010-04-16,91.68,,119.36,66.0
2010-04-19,91.7,,119.81,66.19
2010-04-20,91.68,,120.88,66.79
2010-04-21,91.68,,120.66,66.68
2010-04-22,91.68,,121.02,66.96
2010-04-23,91.68,,121.8125,67.4
2010-04-26,91.7,,121.35,67.17
2010-04-27,91.68,,118.48,65.57
2010-04-28,91.7,,119.38,66.01
2010-04-29,91.7,,120.8575,66.89
2010-04-30,91.68,,118.8125,65.8
2010-05-03,91.7,,120.35,66.63
2010-05-04,91.68,,117.52,65.04
2010-05-05,91.7,,116.82,64.57
2010-05-06,91.72,,112.942,62.405
2010-05-07,91.72,,111.26,61.35
2010-05-10,91.72,,116.16,64.15
2010-05-11,91.72,,115.83,63.96
2010-05-12,91.72,,117.45,64.96
2010-05-13,91.7,,115.99,64.15
2010-05-14,91.72,,113.89,62.96
2010-05-17,91.72,,113.95,63.0
2010-05-18,91.7,,112.4,62.13
2010-05-19,91.72,,111.76,61.74
2010-05-20,91.72,,107.54,59.44
2010-05-21,91.72,,109.115,60.22
2010-05-24,91.72,,107.71,59.49
2010-05-25,91.72,,107.818,59.54
2010-05-26,91.74,,107.17,59.27
2010-05-27,91.7,,110.76,61.28
2010-05-28,91.72,,109.369,60.56
2010-06-01,91.72,,107.53,59.5
2010-06-02,91.74,,110.33,60.99
2010-06-03,91.7,,110.71,61.28
2010-06-04,91.74,,106.82,59.17
2010-06-07,91.716,,105.49,58.31
2010-06-08,91.74,,106.62,58.86
2010-06-09,91.74,,106.05,58.61
2010-06-10,91.74,,109.15,60.37
2010-06-11,91.74,,109.68,60.64
2010-06-14,91.7,,109.509,60.62
2010-06-15,91.7,,112.0,61.98
2010-06-16,91.7,,111.96,61.95
2010-06-17,91.7,,112.14,62.01
2010-06-18,91.72,,111.729,62.05
2010-06-21,91.7,,111.41,61.81
2010-06-22,91.72,,109.57,60.79
2010-06-23,91.72,,109.23,60.6
2010-06-24,91.72,,107.42,59.6
2010-06-25,91.72,,107.8675,59.88
2010-06-28,91.72,,107.53,59.62
2010-06-29,91.72,,104.21,57.75
2010-06-30,91.736,,103.22,57.14
2010-07-01,91.72,,102.76,57.01
2010-07-02,91.72,,102.2,56.33
2010-07-06,91.7,,102.87,56.64
2010-07-07,91.7,,106.1075,58.47
2010-07-08,91.72,,107.16,59.04
2010-07-09,91.7,,107.96,59.5
2010-07-12,91.72,,108.03,59.5
2010-07-13,91.72,,109.66,60.43
2010-07-14,91.72,,109.651,60.45
2010-07-15,91.72,,109.68,60.48
2010-07-16,91.72,,106.66,58.74
2010-07-19,91.7,,107.29,59.14
2010-07-20,91.7,,108.48,59.79
2010-07-21,91.7,,107.07,59.04
2010-07-22,91.7,,109.461,60.36
2010-07-23,91.72,,110.41,60.89
2010-07-26,91.68,,111.56,61.57
2010-07-27,91.68,,111.55,61.48
2010-07-28,91.7,,110.83,61.08
2010-07-29,91.68,,110.29,60.78
2010-07-30,91.7,,110.27,60.83
2010-08-02,91.68,,112.76,62.15
2010-08-03,91.68,,112.22,61.84
2010-08-04,91.68,,112.97,62.28
2010-08-05,91.68,,112.85,62.21
2010-08-06,91.68,,112.392,61.94
2010-08-09,91.68,,112.992,62.32
2010-08-10,91.7,,112.375,61.91
2010-08-11,91.72,,109.3,60.16
2010-08-12,91.72,,108.63,59.83
2010-08-13,91.72,,108.31,59.61
2010-08-16,91.7,,108.26,59.65
2010-08-17,91.72,,109.59,60.38
2010-08-18,91.7,,109.79,60.51
2010-08-19,91.7,,107.88,59.49
2010-08-20,91.72,,107.53,59.31
2010-08-23,91.7,,107.1236,59.05
2010-08-24,91.7,,105.53,58.165
2010-08-25,91.72,,105.94,58.38
2010-08-26,91.7,,105.23,57.97
2010-08-27,91.7,,106.86,58.93
2010-08-30,91.72,,105.311,58.07
2010-08-31,91.7,,105.31,58.13
2010-09-01,91.704,,108.46,59.8
2010-09-02,91.72,,109.47,60.42
2010-09-03,91.72,,110.89,61.21
2010-09-07,91.7,,109.64,60.52
2010-09-08,91.7,,110.41,60.92
2010-09-09,91.7,,110.92,61.18
2010-09-10,91.7,,111.482,61.47
2010-09-13,91.7,,112.72,62.19
2010-09-14,91.72,,112.65,62.19
2010-09-15,91.72,,113.08,62.39
2010-09-16,91.72,,113.05,62.38
2010-09-17,91.7,,112.49,62.4
2010-09-20,91.7,,114.21,63.39
2010-09-21,91.7,,113.98,63.19
2010-09-22,91.7,,113.42,62.91
2010-09-23,91.7,,112.498,62.12
2010-09-24,91.72,,114.82,63.39
2010-09-27,91.72,,114.27,63.15
2010-09-28,91.7,,114.67,63.39
2010-09-29,91.7,,114.47,63.3
2010-09-30,91.7,,114.13,63.15
2010-10-01,91.7,,114.61,63.41
2010-10-04,91.72,,113.75,62.93
2010-10-05,91.7,,116.04,64.18
2010-10-06,91.7,,116.03,64.12
2010-10-07,91.7,,115.89,64.05
2010-10-08,91.7,,116.5375,64.45
2010-10-11,91.7,,116.65,64.53
2010-10-12,91.7,,117.01,64.74
2010-10-13,91.7,,117.92,65.22
2010-10-14,91.72,,117.46,65.02
2010-10-15,91.7,,117.7,65.12
2010-10-18,91.72,,118.28,65.46
2010-10-19,91.7,,116.73,64.505
2010-10-20,91.7,,117.87,65.16
2010-10-21,91.7,,118.13,65.27
2010-10-22,91.72,,118.347,65.47
2010-10-25,91.7,,118.7,65.65
2010-10-26,91.72,,118.72,65.67
2010-10-27,91.72,,118.38,65.53
2010-10-28,91.7,,118.4,65.51
2010-10-29,91.72,,118.49,65.59
2010-11-01,91.71,,118.53,65.64
2010-11-02,91.68,,119.475,66.165
2010-11-03,91.7,,119.95,66.39
2010-11-04,91.7,,122.26,67.67
2010-11-05,91.7,,122.725,67.92
2010-11-08,91.7,,122.49,67.85
2010-11-09,91.7,,121.61,67.32
2010-11-10,91.7,,122.1,67.64
2010-11-11,91.68,,121.635,67.42
2010-11-12,91.72,,120.198,66.58
2010-11-15,91.71,,120.03,66.53
2010-11-16,91.72,,118.16,65.46
2010-11-17,91.72,,118.218,65.52
2010-11-18,91.7,,119.9575,66.53
2010-11-19,91.7,,120.29,66.66
2010-11-22,91.7,,120.19,66.68
2010-11-23,91.7,,118.4475,65.72
2010-11-24,91.72,,120.2,66.75
2010-11-26,91.72,,118.8,66.05
2010-11-29,91.72,,119.162,66.2
2010-11-30,91.72,,118.4925,65.72
2010-12-01,91.7,,121.01,67.18
2010-12-02,91.7,,122.56,68.04
2010-12-03,91.72,,122.89,68.23
2010-12-06,91.7,,122.76,68.2
2010-12-07,91.7,,122.83,68.24
2010-12-08,91.7,,123.28,68.43
2010-12-09,91.72,,123.76,68.67
2010-12-10,91.72,,124.48,69.07
2010-12-13,91.72,,124.56,69.08
2010-12-14,91.72,,124.67,69.17
2010-12-15,91.7,,124.098,68.84
2010-12-16,91.7,,124.82,69.27
2010-12-17,91.72,,124.3,69.38
2010-12-20,91.72,,124.6,69.52
2010-12-21,91.72,,125.39,69.98
2010-12-22,91.7,,125.78,69.89
2010-12-23,91.7,,125.6,69.769
2010-12-27,91.7,,125.65,69.78
2010-12-28,91.72,,125.83,69.85
2010-12-29,91.7,,125.92,69.92
2010-12-30,91.72,,125.72,69.88
2010-12-31,91.7,,125.75,69.86
2011-01-03,91.72,,127.05,70.56
2011-01-04,91.72,,126.98,70.46
2011-01-05,91.72,,127.64,70.82
2011-01-06,91.72,,127.39,70.7
2011-01-07,91.7,,127.14,70.59
2011-01-10,91.72,,126.98,70.57
2011-01-11,91.72,,127.43,70.83
2011-01-12,91.7,,128.58,71.45
2011-01-13,91.7,,128.3675,71.36
2011-01-14,91.7,,129.3,71.82
2011-01-18,91.7,,129.52,72.03
2011-01-19,91.72,,128.25,71.25
2011-01-20,91.72,,128.08,71.13
2011-01-21,91.7,,128.37,71.19
2011-01-24,91.7,,129.1,71.69
2011-01-25,91.72,,129.17,71.69
2011-01-26,91.7,,129.67,72.02
2011-01-27,91.72,,129.99,72.25
2011-01-28,91.7,,127.72,70.95
2011-01-31,91.7,,128.68,71.48
2011-02-01,91.7,,130.74,72.64
2011-02-02,91.7,,130.485,72.53
2011-02-03,91.7,,130.78,72.66
2011-02-04,91.72,,131.15,72.88
2011-02-07,91.7,,131.97,73.355
2011-02-08,91.7,,132.57,73.71
2011-02-09,91.72,,132.269,73.51
2011-02-10,91.7,,132.321,73.59
2011-02-11,91.7,,133.11,74.05
2011-02-14,91.7,,133.43,74.25
2011-02-15,91.72,,133.01,73.97
2011-02-16,91.72,,133.85,74.47
2011-02-17,91.72,,134.25,74.69
2011-02-18,91.7,,134.53,74.82
2011-02-22,91.7,,131.83,73.29
2011-02-23,91.71,,131.02,72.78
2011-02-24,91.71,,130.93,72.74
2011-02-25,91.72,,132.33,73.57
2011-02-28,91.7,,133.15,74.0
2011-03-01,91.7,,130.93,72.79
2011-03-02,91.72,,131.21,72.95
2011-03-03,91.7,,133.47,74.21
2011-03-04,91.712,,132.47,73.67
2011-03-07,91.7,,131.43,73.05
2011-03-08,91.7,,132.58,73.67
2011-03-09,91.7,,132.39,73.55
2011-03-10,91.7,,129.9375,72.23
2011-03-11,91.72,,130.84,72.7
2011-03-14,91.72,,130.05,72.3
2011-03-15,91.74,,128.56,71.51
2011-03-16,91.74,,126.175,70.25
2011-03-17,91.74,,127.85,71.08
2011-03-18,91.74,,127.76,71.36
2011-03-21,91.74,,129.74,72.46
2011-03-22,91.7,,129.29,72.21
2011-03-23,91.72,,129.66,72.4
2011-03-24,91.7,,130.9,72.81
2011-03-25,91.7,,131.3,73.08
2011-03-28,91.72,,130.98,72.9
2011-03-29,91.7,,131.86,73.38
2011-03-30,91.72,,132.77,73.91
2011-03-31,91.7,,132.59,73.87
2011-04-01,91.7,,133.15,74.19
2011-04-04,91.7,,133.26,74.25
2011-04-05,91.7,,133.24,74.28
2011-04-06,91.7,,133.66,74.46
2011-04-07,91.72,,133.32,74.3
2011-04-08,91.7,,132.86,74.0
2011-04-11,91.7,,132.46,73.77
2011-04-12,91.72,,131.47,73.2
2011-04-13,91.72,,131.46,73.23
2011-04-14,91.7,,131.56,73.27
2011-04-15,91.72,,132.04,73.58
2011-04-18,91.7,,130.56,72.73
2011-04-19,91.7,,131.31,73.11
2011-04-20,91.7,,133.1,74.18
2011-04-21,91.7,,133.78,74.56
2011-04-25,91.7,,133.64,74.48
2011-04-26,91.7,,134.791,75.13
2011-04-27,91.7,,135.67,75.59
2011-04-28,91.7,,136.11,75.83
2011-04-29,91.7,,136.43,76.05
2011-05-02,91.7,,136.22,75.92
2011-05-03,91.7,,135.73,75.59
2011-05-04,91.74,,134.83,75.05
2011-05-05,91.74,,133.61,74.47
2011-05-06,91.74,,134.2,74.74
2011-05-09,91.74,,134.72,75.1
2011-05-10,91.74,,135.87,75.76
2011-05-11,91.74,,134.44,74.99
2011-05-12,91.74,,135.08,75.33
2011-05-13,91.72,,134.04,74.72
2011-05-16,91.72,,133.19,74.24
2011-05-17,91.72,,133.17,74.16
2011-05-18,91.7,,134.36,74.86
2011-05-19,91.74,,134.68,75.01
2011-05-20,91.72,,133.61,74.5
2011-05-23,91.72,,132.06,73.56
2011-05-24,91.72,,131.95,73.53
2011-05-25,91.72,,132.39,73.78
2011-05-26,91.72,,133.0,74.16
2011-05-27,91.72,,133.51,74.5
2011-05-31,91.71,,134.9,75.22
2011-06-01,91.7,,131.87,73.56
2011-06-02,91.7,,131.73,73.49
2011-06-03,91.7,,130.42,72.72
2011-06-06,91.7,,129.045,71.93
2011-06-07,91.72,,128.96,71.93
2011-06-08,91.72,,128.42,71.59
2011-06-09,91.7,,129.4,72.07
2011-06-10,91.72,,127.6,71.06
2011-06-13,91.7,,127.7,71.06
2011-06-14,91.72,,129.32,71.99
2011-06-15,91.72,,127.02,70.75
2011-06-16,91.72,,127.3,70.86
2011-06-17,91.72,,127.05,71.05
2011-06-20,91.71,,127.7,71.42
2011-06-21,91.7,,129.45,72.44
2011-06-22,91.72,,128.67,72.03
2011-06-23,91.72,,128.301,71.87
2011-06-24,91.7,,126.81,71.05
2011-06-27,91.7,,127.94,71.61
2011-06-28,91.7,,129.61,72.57
2011-06-29,91.72,,130.72,73.22
2011-06-30,91.72,,131.97,73.89
2011-07-01,91.7,,133.92,74.98
2011-07-05,91.7,,133.81,74.62
2011-07-06,91.72,,133.97,74.76
2011-07-07,91.7,,135.36,75.54
2011-07-08,91.7,,134.4,75.02
2011-07-11,91.685,,131.97,73.6
2011-07-12,91.7,,131.4,73.28
2011-07-13,91.72,,131.84,73.54
2011-07-14,91.72,,130.93,73.01
2011-07-15,91.72,,131.69,73.42
2011-07-18,91.72,,130.61,72.74
2011-07-19,91.72,,132.73,73.96
2011-07-20,91.7,,132.65,73.93
2011-07-21,91.7,,134.49,74.92
2011-07-22,91.72,,134.58,74.99
2011-07-25,91.72,,133.83,74.55
2011-07-26,91.72,,133.33,74.26
2011-07-27,91.72,,130.6,72.66
2011-07-28,91.72,,130.22,72.45
2011-07-29,91.72,,129.33,72.0
2011-08-01,91.72,,128.78,71.64
2011-08-02,91.72,,125.49,69.79
2011-08-03,91.72,,126.17,70.21
2011-08-04,91.72,,120.26,66.72
2011-08-05,91.72,,120.08,66.44
2011-08-08,91.72,,112.26,61.98
2011-08-09,91.72,,117.48,64.55
2011-08-10,91.7114,,112.29,62.19
2011-08-11,91.72,,117.33,64.98
2011-08-12,91.72,,118.12,65.59
2011-08-15,91.72,,120.62,66.97
2011-08-16,91.72,,119.59,66.38
2011-08-17,91.72,,119.67,66.39
2011-08-18,91.68,,114.51,63.5
2011-08-19,91.72,,112.64,62.39
2011-08-22,91.68,,112.73,62.38
2011-08-23,91.72,,116.44,64.48
2011-08-24,91.72,,118.08,65.35
2011-08-25,91.68,,116.28,64.35
2011-08-26,91.72,,117.97,65.36
2011-08-29,91.72,,121.36,67.33
2011-08-30,91.72,,121.68,67.52
2011-08-31,91.72,,122.22,67.8
2011-09-01,91.72,,120.94,67.07
2011-09-02,91.72,,117.85,65.28
2011-09-06,91.7,,116.99,64.88
2011-09-07,91.68,,120.29,66.76
2011-09-08,91.68,,119.04,65.99
2011-09-09,91.7,,115.92,64.29
2011-09-12,91.7,,116.67,64.73
2011-09-13,91.68,,117.74,65.3
2011-09-14,91.68,,119.37,66.22
2011-09-15,91.68,,121.43,67.4
2011-09-16,91.68,,121.521,67.7
2011-09-19,91.7,,120.31,67.01
2011-09-20,91.7,,120.17,66.93
2011-09-21,91.7,,116.63,64.83
2011-09-22,91.68,,112.86,62.78
2011-09-23,91.7,,113.54,62.85
2011-09-26,91.7,,116.24,64.27
2011-09-27,91.68,,117.54,65.01
2011-09-28,91.7,,115.145,63.57
2011-09-29,91.7,,116.05,64.13
2011-09-30,91.7,,113.15,62.54
2011-10-03,91.7,,109.93,60.63
2011-10-04,91.7,,112.34,61.95
2011-10-05,91.7,,114.42,63.23
2011-10-06,91.68,,116.49,64.45
2011-10-07,91.7,,115.71,63.878
2011-10-10,91.68,,119.58,66.05
2011-10-11,91.7,,119.7,66.07
2011-10-12,91.68,,120.75,66.71
2011-10-13,91.7,,120.51,66.6
2011-10-14,91.68,,122.57,67.74
2011-10-17,91.68,,120.23,66.43
2011-10-18,91.7,,122.58,67.73
2011-10-19,91.7,,121.13,66.94
2011-10-20,91.7,,121.66,67.25
2011-10-21,91.68,,123.97,68.43
2011-10-24,91.68,,125.49,69.44
2011-10-25,91.7,,123.049,68.13
2011-10-26,91.7,,124.3,68.79
2011-10-27,91.68,,128.63,71.15
2011-10-28,91.68,,128.6,71.16
2011-10-31,91.66,,125.5,69.4
2011-11-01,91.7,,122.002,67.56
2011-11-02,91.68,,123.99,68.68
2011-11-03,91.66,,126.25,69.88
2011-11-04,91.68,,125.481,69.52
2011-11-07,91.7,,126.26,69.95
2011-11-08,91.7,,127.88,70.76
2011-11-09,91.68,,123.161,68.21
2011-11-10,91.7,,124.32,68.74
2011-11-11,91.68,,126.66,70.03
2011-11-14,91.7,,125.46,69.43
2011-11-15,91.68,,126.083,69.82
2011-11-16,91.7,,124.08,68.7
2011-11-17,91.7,,122.105,67.63
2011-11-18,91.7,,121.979,67.49
2011-11-21,91.7,,119.661,66.24
2011-11-22,91.68,,119.19,66.01
2011-11-23,91.7,,116.56,64.53
2011-11-25,91.7,,116.34,64.33
2011-11-28,91.7,,119.71,66.24
2011-11-29,91.66,,120.05,66.38
2011-11-30,91.68,,124.99,69.15
2011-12-01,91.66,,124.97,69.11
2011-12-02,91.68,,124.86,69.14
2011-12-05,91.68,,126.22,69.82
2011-12-06,91.7,,126.26,69.83
2011-12-07,91.68,,126.73,70.01
2011-12-08,91.68,,123.95,68.55
2011-12-09,91.66,,126.05,69.7
2011-12-12,91.66,,124.21,68.68
2011-12-13,91.66,,123.05,67.97
2011-12-14,91.67,,121.74,67.23
2011-12-15,91.66,,122.185,67.47
2011-12-16,91.68,,121.59,67.68
2011-12-19,91.68,,120.29,66.86
2011-12-20,91.68,,123.93,68.88
2011-12-21,91.68,,124.17,69.05
2011-12-22,91.68,,125.27,69.27
2011-12-23,91.68,,126.39,69.8
2011-12-27,91.66,,126.49,69.88
2011-12-28,91.66,,124.83,69.02
2011-12-29,91.66,,126.12,69.66
2011-12-30,91.66,,125.5,69.37
2012-01-03,91.64,,127.495,70.42
2012-01-04,91.64,,127.7,70.44
2012-01-05,91.64,,128.04,70.75
2012-01-06,91.64,,127.71,70.63
2012-01-09,91.65,,128.02,70.77
2012-01-10,91.65,,129.13,71.45
2012-01-11,91.64,,129.2,71.51
2012-01-12,91.64,,129.51,71.7
2012-01-13,91.64,,128.84,71.37
2012-01-17,91.64,,129.34,71.54
2012-01-18,91.64,,130.77,72.42
2012-01-19,91.6456,,131.46,72.81
2012-01-20,91.64,,131.54,72.79
2012-01-23,91.64,,131.61,72.85
2012-01-24,91.64,,131.46,72.85
2012-01-25,91.64,,132.56,73.51
2012-01-26,91.64,,131.88,73.06
2012-01-27,91.64,,131.82,73.06
2012-01-30,91.66,,131.37,72.85
2012-01-31,91.64,,131.32,72.77
2012-02-01,91.64,,132.47,73.49
2012-02-02,91.64,,132.68,73.65
2012-02-03,91.64,,134.54,74.77
2012-02-06,91.66,,134.45,74.66
2012-02-07,91.64,,134.79,74.83
2012-02-08,91.66,,135.19,75.02
2012-02-09,91.64,,135.36,75.17
2012-02-10,91.66,,134.361,74.64
2012-02-13,91.64,,135.36,75.14
2012-02-14,91.66,,135.19,75.09
2012-02-15,91.64,,134.56,74.74
2012-02-16,91.66,,136.049,75.59
2012-02-17,91.64,,136.41,75.72
2012-02-21,91.64,,136.47,75.74
2012-02-22,91.64,,136.032,75.55
2012-02-23,91.64,,136.631,75.89
2012-02-24,91.66,,136.93,76.02
2012-02-27,91.64,,137.16,76.19
2012-02-28,91.64,,137.559,76.29
2012-02-29,91.66,,137.02,75.89
2012-03-01,91.64,,137.73,76.42
2012-03-02,91.64,,137.312,76.21
2012-03-05,91.64,,136.75,75.9
2012-03-06,91.64,,134.75,74.7
2012-03-07,91.64,,135.69,75.29
2012-03-08,91.66,,137.04,75.98
2012-03-09,91.66,,137.57,76.35
2012-03-12,91.6598,,137.58,76.29
2012-03-13,91.66,,140.062,77.71
2012-03-14,91.64,,139.91,77.56
2012-03-15,91.64,,140.72,78.02
2012-03-16,91.64,,140.3,78.12
2012-03-19,91.66,,140.85,78.4
2012-03-20,91.66,,140.44,78.16
2012-03-21,91.66,,140.21,78.04
2012-03-22,91.66,,139.2,77.43
2012-03-23,91.65,,139.65,77.45
2012-03-26,91.66,,141.61,78.44
2012-03-27,91.64,,141.17,78.22
2012-03-28,91.66,,140.47,77.83
2012-03-29,91.64,,140.23,77.71
2012-03-30,91.64,,140.81,77.96
2012-04-02,91.62,,141.84,78.57
2012-04-03,91.64,,141.26,78.32
2012-04-04,91.62,,139.86,77.47
2012-04-05,91.64,,139.79,77.49
2012-04-09,91.66,,138.22,76.6
2012-04-10,91.66,,135.9,75.21
2012-04-11,91.66,,137.0,75.81
2012-04-12,91.64,,138.79,76.9
2012-04-13,91.62,,137.14,76.02
2012-04-16,91.64,,137.05,75.92
2012-04-17,91.64,,139.082,77.04
2012-04-18,91.64,,138.61,76.8
2012-04-19,91.66,,137.72,76.41
2012-04-20,91.64,,137.95,76.45
2012-04-23,91.66,,136.79,75.82
2012-04-24,91.66,,137.31,76.08
2012-04-25,91.64,,139.19,77.19
2012-04-26,91.65,,140.16,77.72
2012-04-27,91.64,,140.39,77.86
2012-04-30,91.66,,139.87,77.52
2012-05-01,91.66,,140.74,78.03
2012-05-02,91.66,,140.325,77.81
2012-05-03,91.64,,139.25,77.21
2012-05-04,91.64,,137.0,75.94
2012-05-07,91.66,,137.1,75.97
2012-05-08,91.66,,136.55,75.7
2012-05-09,91.66,,135.74,75.26
2012-05-10,91.66,,136.02,75.4
2012-05-11,91.66,,135.61,75.19
2012-05-14,91.66,,134.11,74.35
2012-05-15,91.66,,133.34,73.944
2012-05-16,91.66,,132.829,73.65
2012-05-17,91.66,,130.86,72.37
2012-05-18,91.65,,129.74,71.81
2012-05-21,91.66,,131.97,73.12
2012-05-22,91.63,,132.2,73.13
2012-05-23,91.63,,132.27,73.31
2012-05-24,91.66,,132.53,73.35
2012-05-25,91.66,,132.1,73.18
2012-05-29,91.66,,133.7,74.06
2012-05-30,91.6568,,131.76,72.96
2012-05-31,91.66,,131.47,72.79
2012-06-01,91.66,,128.16,70.95
2012-06-04,91.66,,128.1,70.82
2012-06-05,91.66,,129.07,71.39
2012-06-06,91.64,,131.97,73.0
2012-06-07,91.64,,132.05,72.97
2012-06-08,91.64,,133.1,73.56
2012-06-11,91.64,,131.415,72.6
2012-06-12,91.66,,132.92,73.43
2012-06-13,91.66,,132.07,72.87
2012-06-14,91.66,,133.47,73.62
2012-06-15,91.64,,134.14,74.32
2012-06-18,91.66,,134.4,74.59
2012-06-19,91.62,,135.7,75.28
2012-06-20,91.62,,135.48,75.23
2012-06-21,91.66,,132.44,73.52
2012-06-22,91.64,,133.46,73.99
2012-06-25,91.66,,131.32,72.85
2012-06-26,91.66,,131.98,72.83
2012-06-27,91.64,,133.173,73.46
2012-06-28,91.66,,132.79,73.3
2012-06-29,91.62,,136.105,75.21
2012-07-02,91.62,,136.51,75.37
2012-07-03,91.62,,137.412,75.97
2012-07-05,91.62,,136.79,75.64
2012-07-06,91.62,,135.49,74.928
2012-07-09,91.62,,135.32,74.78
2012-07-10,91.62,,134.14,74.1
2012-07-11,91.62,,134.16,74.1
2012-07-12,91.62,,133.51,73.77
2012-07-13,91.64,,135.75,74.92
2012-07-16,91.62,,135.43,74.74
2012-07-17,91.63,,136.36,75.25
2012-07-18,91.62,,137.37,75.8
2012-07-19,91.64,,137.73,76.04
2012-07-20,91.62,,136.47,75.35
2012-07-23,91.62,,135.09,74.53
2012-07-24,91.64,,133.925,73.84
2012-07-25,91.65,,133.96,73.84
2012-07-26,91.64,,136.17,75.03
2012-07-27,91.66,,138.675,76.46
2012-07-30,91.66,,138.68,76.44
2012-07-31,91.62,,137.71,75.97
2012-08-01,91.64,,137.59,75.79
2012-08-02,91.64,,136.64,75.32
2012-08-03,91.64,,139.349,76.68
2012-08-06,91.66,,139.62,76.91
2012-08-07,91.64,,140.32,77.33
2012-08-08,91.62,,140.49,77.41
2012-08-09,91.62,,140.61,77.52
2012-08-10,91.62,,140.84,77.68
2012-08-13,91.62,,140.77,77.6
2012-08-14,91.62,,140.79,77.57
2012-08-15,91.62,,140.95,77.72
2012-08-16,91.62,,141.99,78.3
2012-08-17,91.62,,142.18,78.44
2012-08-20,91.62,,142.19,78.43
2012-08-21,91.62,,141.76,78.22
2012-08-22,91.62,,141.82,78.24
2012-08-23,91.62,,140.665,77.64
2012-08-24,91.62,,141.51,78.1
2012-08-27,91.62,,141.54,78.05
2012-08-28,91.63,,141.4,78.02
2012-08-29,91.62,,141.51,78.11
2012-08-30,91.62,,140.49,77.53
2012-08-31,91.63,,141.16,77.84
2012-09-04,91.62,,141.03,77.86
2012-09-05,91.64,,140.91,77.83
2012-09-06,91.64,,143.77,79.41
2012-09-07,91.625,,144.33,79.79
2012-09-10,91.62,,143.51,79.37
2012-09-11,91.62,,143.91,79.52
2012-09-12,91.62,,144.39,79.8
2012-09-13,91.62,,146.59,81.02
2012-09-14,91.62,,147.24,81.43
2012-09-17,91.62,,146.74,81.08
2012-09-18,91.62,,146.62,80.98
2012-09-19,91.62,,146.7,81.07
2012-09-20,91.62,,146.71,81.0
2012-09-21,91.63,,145.87,80.95
2012-09-24,91.62,,145.645,80.39
2012-09-25,91.62,,144.1,79.57
2012-09-26,91.63,,143.295,79.12
2012-09-27,91.64,,144.64,79.87
2012-09-28,91.62,,143.97,79.48
2012-10-01,91.62,,144.345,79.63
2012-10-02,91.64,,144.5,79.8
2012-10-03,91.62,,145.09,80.08
2012-10-04,91.63,,146.125,80.66
2012-10-05,91.62,,146.14,80.68
2012-10-08,91.62,,145.642,80.41
2012-10-09,91.62,,144.2,79.6
2012-10-10,91.64,,143.28,79.14
2012-10-11,91.64,,143.36,79.2
2012-10-12,91.62,,142.89,78.9
2012-10-15,91.64,,144.08,79.54
2012-10-16,91.62,,145.54,80.37
2012-10-17,91.64,,146.2,80.73
2012-10-18,91.62,,145.82,80.56
2012-10-19,91.62,,143.3896,79.21
2012-10-22,91.63,,143.41,79.26
2012-10-23,91.64,,141.42,78.18
2012-10-24,91.64,,141.02,77.99
2012-10-25,91.63,,141.43,78.17
2012-10-26,91.6266,,141.35,78.09
2012-10-31,91.64,,141.35,78.07
2012-11-01,91.64,,142.83,79.12
2012-11-02,91.64,,141.56,78.38
2012-11-05,91.62,,141.8486,78.54
2012-11-06,91.63,,142.96,79.14
2012-11-07,91.64,,139.72,77.42
2012-11-08,91.64,,138.04,76.42
2012-11-09,91.64,,138.16,76.46
2012-11-12,91.64,,138.265,76.56
2012-11-13,91.64,,137.79,76.3
2012-11-14,91.64,,135.9299,75.28
2012-11-15,91.64,,135.7,75.11
2012-11-16,91.6397,,136.37,75.48
2012-11-19,91.64,,139.13,77.04
2012-11-20,91.63,,139.19,77.09
2012-11-21,91.62,,139.45,77.28
2012-11-23,91.62,,141.35,78.24
2012-11-26,91.63,,141.05,78.17
2012-11-27,91.63,,140.33,77.83
2012-11-28,91.62,,141.46,78.38
2012-11-29,91.62,,142.12,78.75
2012-11-30,91.62,,142.155,78.76
2012-12-03,91.62,,141.45,78.41
2012-12-04,91.62,,141.25,78.28
2012-12-05,91.62,,141.5,78.42
2012-12-06,91.62,,141.98,78.69
2012-12-07,91.62,,142.415,78.94
2012-12-10,91.62,,142.473,79.04
2012-12-11,91.62,,143.44,79.48
2012-12-12,91.62,,143.51,79.55
2012-12-13,91.62,,142.63,79.11
2012-12-14,91.62,,142.1051,78.81
2012-12-17,91.62,,143.77,79.71
2012-12-18,91.64,,145.37,80.62
2012-12-19,91.62,,144.29,79.56
2012-12-20,91.62,,145.12,79.95
2012-12-21,91.62,,142.79,79.28
2012-12-24,91.62,,142.35,79.05
2012-12-26,91.62,,141.75,78.66
2012-12-27,91.63,,141.5616,78.58
2012-12-28,91.64,,140.03,77.7
2012-12-31,91.62,,142.41,79.15
2013-01-02,91.62,,146.06,81.1
2013-01-03,91.62,,145.7341,80.98
2013-01-04,91.64,,146.37,81.41
2013-01-07,91.6,,145.9695,81.14
2013-01-08,91.6,,145.5496,80.8701
2013-01-09,91.6,,145.92,81.18
2013-01-10,91.6,,147.08,81.74
2013-01-11,91.6,,147.07,81.75
2013-01-14,91.6,,146.97,81.7
2013-01-15,91.6,,147.07,81.8
2013-01-16,91.604,,147.05,81.78
2013-01-17,91.62,,148.0,82.25
2013-01-18,91.6,,148.33,82.51
2013-01-22,91.6,,149.13,82.93
2013-01-23,91.6,,149.37,83.07
2013-01-24,91.61,,149.41,83.11
2013-01-25,91.6,,150.25,83.62
2013-01-28,91.6,,150.07,83.49
2013-01-29,91.6,,150.66,83.8
2013-01-30,91.6,,150.07,83.5
2013-01-31,91.62,,149.7,83.4
2013-02-01,91.6,,151.24,84.17
2013-02-04,91.6,,149.535,83.18
2013-02-05,91.62,,151.05,84.03
2013-02-06,91.61,,151.16,84.13
2013-02-07,91.61,,150.96,84.03
2013-02-08,91.61,,151.8,84.51
2013-02-11,91.62,,151.77,84.46
2013-02-12,91.62,,152.02,84.61
2013-02-13,91.6,,152.151,84.73
2013-02-14,91.62,,152.29,84.78
2013-02-15,91.6003,,152.11,84.72
2013-02-19,91.6,,153.25,85.22
2013-02-20,91.61,,151.34,84.2
2013-02-21,91.6,,150.42,83.68
2013-02-22,91.62,,151.89,84.42
2013-02-25,91.6,,149.0,82.89
2013-02-26,91.6,,150.02,83.42
2013-02-27,91.62,,151.91,84.51
2013-02-28,91.62,,151.61,84.28
2013-03-01,91.62,,152.11,84.64
2013-03-04,91.6,,152.92,85.04
2013-03-05,91.62,,154.29,85.84
2013-03-06,91.6,,154.5,86.01
2013-03-07,91.616,,154.776,86.17
2013-03-08,91.6,,155.44,86.55
2013-03-11,91.61,,156.03,86.83
2013-03-12,91.6,,155.68,86.62
2013-03-13,91.62,,155.905,86.79
2013-03-14,91.62,,156.73,87.28
2013-03-15,91.62,,155.83,87.16
2013-03-18,91.6016,,154.97,86.65
2013-03-19,91.6,,154.61,86.47
2013-03-20,91.6,,155.69,87.04
2013-03-21,91.6,,154.359,86.41
2013-03-22,91.62,,155.6,86.96
2013-03-25,91.6,,154.95,86.31
2013-03-26,91.62,,156.19,86.97
2013-03-27,91.6,,156.19,86.97
2013-03-28,91.62,,156.67,87.21
2013-04-01,91.6,,156.05,86.89
2013-04-02,91.62,,156.82,87.19
2013-04-03,91.6,,155.23,86.3
2013-04-04,91.6,,155.86,86.63
2013-04-05,91.62,,155.158,86.32
2013-04-08,91.62,,156.21,86.91
2013-04-09,91.62,,156.75,87.11
2013-04-10,91.62,,158.67,88.25
2013-04-11,91.6,,159.19,88.54
2013-04-12,91.62,,158.8,88.32
2013-04-15,91.61,,155.118,86.18
2013-04-16,91.62,,157.41,87.48
2013-04-17,91.62,,155.11,86.15
2013-04-18,91.6,,154.14,85.65
2013-04-19,91.62,,155.48,86.44
2013-04-22,91.62,,156.17,86.81
2013-04-23,91.62,,157.78,87.71
2013-04-24,91.62,,157.88,87.78
2013-04-25,91.6,,158.52,88.17
2013-04-26,91.6,,158.24,88.0
2013-04-29,91.6,,159.3,88.58
2013-04-30,91.6,,159.68,88.87
2013-05-01,91.6,,158.28,88.06
2013-05-02,91.62,,159.75,88.79
2013-05-03,91.6,,161.368,89.69
2013-05-06,91.6,,161.78,89.95
2013-05-07,91.6,,162.5999,90.45
2013-05-08,91.62,,163.34,90.88
2013-05-09,91.61,,162.881,90.58
2013-05-10,91.6,,163.41,90.95
2013-05-13,91.62,,163.54,90.98
2013-05-14,91.6,,165.23,91.88
2013-05-15,91.6,,166.115,92.37
2013-05-16,91.6,,165.34,91.92
2013-05-17,91.62,,166.94,92.87
2013-05-20,91.6,,166.93,92.81
2013-05-21,91.62,,167.17,92.99
2013-05-22,91.62,,165.93,92.16
2013-05-23,91.62,,165.45,91.92
2013-05-24,91.62,,165.308,91.77
2013-05-28,91.6,,166.3,92.38
2013-05-29,91.62,,165.22,91.74
2013-05-30,91.6,,165.83,92.12
2013-05-31,91.62,,163.445,90.42
2013-06-03,91.62,,164.35,91.29
2013-06-04,91.62,,163.56,90.82
2013-06-05,91.62,,161.272,89.51
2013-06-06,91.6,,162.73,90.39
2013-06-07,91.62,,164.8,91.45
2013-06-10,91.6,,164.8,91.45
2013-06-11,91.61,,163.098,90.57
2013-06-12,91.6,,161.75,89.8
2013-06-13,91.62,,164.21,91.17
2013-06-14,91.6,,163.175,90.63
2013-06-17,91.6,,164.44,91.3
2013-06-18,91.6,,165.735,92.03
2013-06-19,91.6,,163.45,90.74
2013-06-20,91.6,,159.4,88.51
2013-06-21,91.62,,159.07,88.64
2013-06-24,91.61,,157.06,87.6
2013-06-25,91.62,,158.575,88.43
2013-06-26,91.62,,160.14,89.32
2013-06-27,91.6,,161.08,89.89
2013-06-28,91.6,,160.42,89.93
2013-07-01,91.62,,161.36,90.18
2013-07-02,91.6,,161.21,89.64
2013-07-03,91.62,,161.28,89.71
2013-07-05,91.62,,163.02,90.64
2013-07-08,91.58,,163.945,91.15
2013-07-09,91.58,,165.13,91.82
2013-07-10,91.58,,165.192,91.88
2013-07-11,91.58,,167.44,93.15
2013-07-12,91.58,,167.51,93.36
2013-07-15,91.58,,168.155,93.58
2013-07-16,91.58,,167.525,93.17
2013-07-17,91.58,,167.9501,93.46
2013-07-18,91.6,,168.87,93.91
2013-07-19,91.6,,169.17,94.05
2013-07-22,91.6,,169.5,94.3
2013-07-23,91.6,,169.14,94.14
2013-07-24,91.62,,168.52,93.66
2013-07-25,91.58,,168.93,93.99
2013-07-26,91.59,,169.11,94.09
2013-07-29,91.6,,168.59,93.81
2013-07-30,91.58,,168.588,93.88
2013-07-31,91.6,,168.71,93.87
2013-08-01,91.58,,170.66,95.13
2013-08-02,91.6,,170.95,95.31
2013-08-05,91.6,,170.7,95.21
2013-08-06,91.6,,169.73,94.62
2013-08-07,91.58,,169.18,94.24
2013-08-08,91.58,,169.8,94.66
2013-08-09,91.59,,169.31,94.37
2013-08-12,91.6,,169.111,94.29
2013-08-13,91.6,,169.61,94.53
2013-08-14,91.6,,168.74,94.01
2013-08-15,91.6,,166.38,92.67
2013-08-16,91.6,,165.83,92.39
2013-08-19,91.58,,164.77,91.8
2013-08-20,91.6,,165.58,92.31
2013-08-21,91.6,,164.56,91.8
2013-08-22,91.58,,166.06,92.59
2013-08-23,91.6,,166.62,92.98
2013-08-26,91.58,,166.0,92.7
2013-08-27,91.58,,163.33,91.1
2013-08-28,91.58,,163.91,91.42
2013-08-29,91.6,,164.17,91.65
2013-08-30,91.6,,163.65,91.27
2013-09-03,91.6,,164.39,91.65
2013-09-04,91.6,,165.75,92.46
2013-09-05,91.6,,165.96,92.58
2013-09-06,91.6,,166.04,92.67
2013-09-09,91.57,,167.634,93.62
2013-09-10,91.58,,168.87,94.34
2013-09-11,91.58,,169.4,94.59
2013-09-12,91.58,,168.95,94.38
2013-09-13,91.59,,169.33,94.58
2013-09-16,91.58,,170.31,95.08
2013-09-17,91.58,,171.07,95.58
2013-09-18,91.6,,173.051,96.65
2013-09-19,91.6,,172.76,96.56
2013-09-20,91.58,,170.72,95.8
2013-09-23,91.58,,169.93,95.4
2013-09-24,91.58,,169.53,94.85
2013-09-25,91.58,,169.04,94.61
2013-09-26,91.58,,169.69,95.0
2013-09-27,91.58,,168.909,94.57
2013-09-30,91.58,,168.01,94.17
2013-10-01,91.6,,169.34,95.01
2013-10-02,91.59,,169.18,94.8
2013-10-03,91.6,,167.62,93.89
2013-10-04,91.6,,168.89,94.67
2013-10-07,91.6,,167.43,93.84
2013-10-08,91.59,,165.48,92.66
2013-10-09,91.57,,165.6,92.64
2013-10-10,91.56,,169.17,94.67
2013-10-11,91.54,,170.26,95.3
2013-10-14,91.54,,170.94,95.65
2013-10-15,91.54,,169.7,95.01
2013-10-16,91.56,,172.07,96.35
2013-10-17,91.56,,173.22,97.01
2013-10-18,91.58,,174.388,97.64
2013-10-21,91.58,,174.4,97.63
2013-10-22,91.57,,175.41,98.19
2013-10-23,91.58,,174.57,97.71
2013-10-24,91.56,,175.15,98.05
2013-10-25,91.58,,175.95,98.43
2013-10-28,91.58,,176.23,98.53
2013-10-29,91.56,,177.17,99.1
2013-10-30,91.56,,176.29,98.53
2013-10-31,91.56,,175.79,98.27
2013-11-01,91.56,,176.21,98.53
2013-11-04,91.56,,176.83,98.87
2013-11-05,91.56,,176.27,98.62
2013-11-06,91.57,,177.17,99.0
2013-11-07,91.56,,174.93,97.63
2013-11-08,91.56,,177.29,98.94
2013-11-11,91.58,,177.32,98.99
2013-11-12,91.58,,176.96,98.87
2013-11-13,91.58,,178.38,99.67
2013-11-14,91.56,,179.27,100.14
2013-11-15,91.56,,180.05,100.57
2013-11-18,91.56,,179.42,100.11
2013-11-19,91.56,,179.03,99.83
2013-11-20,91.56,,178.47,99.53
2013-11-21,91.58,,179.91,100.39
2013-11-22,91.56,,180.81,100.83
2013-11-25,91.56,,180.63,100.78
2013-11-26,91.56,,180.68,100.78
2013-11-27,91.58,,181.12,101.08
2013-11-29,91.54,,181.0,100.95
2013-12-02,91.56,,180.53,100.7
2013-12-03,91.57,,179.75,100.38
2013-12-04,91.58,,179.73,100.31
2013-12-05,91.57,,178.94,99.97
2013-12-06,91.58,,180.94,100.99
2013-12-09,91.58,,181.4,101.23
2013-12-10,91.56,,180.75,100.91
2013-12-11,91.5768,,178.72,99.71
2013-12-12,91.58,,178.13,99.48
2013-12-13,91.57,,178.11,99.48
2013-12-16,91.56,,179.216,100.1
2013-12-17,91.56,,178.65,99.84
2013-12-18,91.58,,181.7,101.49
2013-12-19,91.58,,181.49,101.36
2013-12-20,91.56,,181.56,101.95
2013-12-23,91.56,,182.53,102.02
2013-12-24,91.56,,182.93,102.34
2013-12-26,91.56,,183.855,102.8
2013-12-27,91.57,,183.845,102.73
2013-12-30,91.57,,183.82,102.68
2013-12-31,91.54,,184.69,103.17
2014-01-02,91.54,,182.92,102.29
2014-01-03,91.56,,182.885,102.27
2014-01-06,91.54,,182.36,101.93
2014-01-07,91.56,,183.48,102.63
2014-01-08,91.55,,183.52,102.68
2014-01-09,91.54,,183.64,102.76
2014-01-10,91.56,,184.14,102.99
2014-01-13,91.55,,181.685,101.69
2014-01-14,91.56,,183.67,102.78
2014-01-15,91.55,,184.66,103.35
2014-01-16,91.56,,184.42,103.2
2014-01-17,91.54,,183.635,102.81
2014-01-21,91.56,,184.18,103.11
2014-01-22,91.55,,184.3,103.27
2014-01-23,91.55,,182.79,102.38
2014-01-24,91.54,,178.89,100.16
2014-01-27,91.54,,178.01,99.6
2014-01-28,91.54,,179.07,100.31
2014-01-29,91.56,,177.35,99.28
2014-01-30,91.56,,179.23,100.47
2014-01-31,91.54,,178.18,99.83
2014-02-03,91.54,,174.17,97.54
2014-02-04,91.56,,175.385,98.2
2014-02-05,91.54,,175.17,98.14
2014-02-06,91.54,,177.48,99.39
2014-02-07,91.56,,179.68,100.67
2014-02-10,91.53,,180.01,100.87
2014-02-11,91.54,,181.98,101.93
2014-02-12,91.56,,182.07,102.09
2014-02-13,91.56,,183.01,102.67
2014-02-14,91.56,,184.02,103.17
2014-02-18,91.54,,184.24,103.4
2014-02-19,91.56,,183.02,102.7
2014-02-20,91.56,,184.1,103.32
2014-02-21,91.54,,183.89,103.24
2014-02-24,91.56,,184.91,103.81
2014-02-25,91.56,,184.84,103.77
2014-02-26,91.55,,184.85,103.8
2014-02-27,91.54,,185.82,104.38
2014-02-28,91.56,,186.29,104.63
2014-03-03,91.56,,184.98,103.87
2014-03-04,91.54,,187.58,105.37
2014-03-05,91.56,,187.75,105.38
2014-03-06,91.56,,188.18,105.62
2014-03-07,91.54,,188.26,105.64
2014-03-10,91.54,,188.16,105.51
2014-03-11,91.54,,187.23,104.97
2014-03-12,91.54,,187.28,105.07
2014-03-13,91.54,,185.18,103.85
2014-03-14,91.54,,184.66,103.67
2014-03-17,91.54,,186.33,104.51
2014-03-18,91.54,,187.66,105.36
2014-03-19,91.5598,,186.66,104.76
2014-03-20,91.54,,187.747,105.28
2014-03-21,91.56,,186.2,104.85
2014-03-24,91.56,,185.43,104.38
2014-03-25,91.56,,186.31,104.39
2014-03-26,91.54,,184.97,103.57
2014-03-27,91.54,,184.58,103.41
2014-03-28,91.54,,185.49,103.91
2014-03-31,91.54,,187.01,104.77
2014-04-01,91.54,,188.25,105.55
2014-04-02,91.54,,188.88,105.9
2014-04-03,91.56,,188.63,105.67
2014-04-04,91.54,,186.4,104.4
2014-04-07,91.54,,184.34,103.1
2014-04-08,91.54,,185.1,103.59
2014-04-09,91.54,,187.09,104.73
2014-04-10,91.54,,183.155,102.55
2014-04-11,91.54,,181.51,101.56
2014-04-14,91.54,,182.9401,102.31
2014-04-15,91.54,,184.2,103.01
2014-04-16,91.54,,186.125,104.1
2014-04-17,91.56,,186.39,104.28
2014-04-21,91.53,,187.04,104.64
2014-04-22,91.52,,187.89,105.14
2014-04-23,91.53,,187.45,104.91
2014-04-24,91.54,,187.83,105.09
2014-04-25,91.53,,186.29,104.19
2014-04-28,91.54,,186.875,104.38
2014-04-29,91.54,,187.75,104.97
2014-04-30,91.54,,188.31,105.25
2014-05-01,91.52,,188.325,105.32
2014-05-02,91.53,,188.06,105.17
2014-05-05,91.54,,188.42,105.45
2014-05-06,91.52,,186.78,104.53
2014-05-07,91.52,,187.88,105.11
2014-05-08,91.52,,187.675,104.92
2014-05-09,91.54,,187.96,105.13
2014-05-12,91.52,,189.785,106.17
2014-05-13,91.53,,189.96,106.19
2014-05-14,91.54,,189.06,105.68
2014-05-15,91.53,,187.4,104.72
2014-05-16,91.54,,188.05,105.13
2014-05-19,91.54,,188.74,105.57
2014-05-20,91.54,,187.55,104.81
2014-05-21,91.52,,189.13,105.66
2014-05-22,91.52,,189.59,105.99
2014-05-23,91.54,,190.35,106.44
2014-05-27,91.52,,191.52,107.1
2014-05-28,91.54,,191.38,106.98
2014-05-29,91.52,,192.37,107.51
2014-05-30,91.54,,192.68,107.64
2014-06-02,91.52,,192.895,107.77
2014-06-03,91.52,,192.8,107.79
2014-06-04,91.52,,193.19,107.97
2014-06-05,91.52,,194.45,108.77
2014-06-06,91.52,,195.375,109.29
2014-06-09,91.54,,195.58,109.3
2014-06-10,91.54,,195.6,109.36
2014-06-11,91.52,,194.92,108.95
2014-06-12,91.5338,,193.54,108.27
2014-06-13,91.52,,194.13,108.57
2014-06-16,91.54,,194.29,108.63
2014-06-17,91.52,,194.83,108.99
2014-06-18,91.54,,196.255,109.76
2014-06-19,91.54,,196.48,109.94
2014-06-20,91.54,,195.94,110.13
2014-06-23,91.54,,195.88,110.12
2014-06-24,91.54,,194.7,109.44
2014-06-25,91.52,,195.58,109.95
2014-06-26,91.52,,195.44,109.88
2014-06-27,91.54,,195.82,110.06
2014-06-30,91.52,,195.72,110.11
2014-07-01,91.54,,197.03,110.91
2014-07-02,91.54,,197.23,110.45
2014-07-03,91.52,,198.2,110.92
2014-07-07,91.54,,197.51,110.5
2014-07-08,91.54,,196.24,109.71
2014-07-09,91.52,,197.12,110.19
2014-07-10,91.52,,196.34,109.75
2014-07-11,91.52,,196.61,109.84
2014-07-14,91.52,,197.6,110.42
2014-07-15,91.51,,197.23,110.19
2014-07-16,91.52,,197.96,110.54
2014-07-17,91.51,,195.71,109.31
2014-07-18,91.5,,197.7099,110.41
2014-07-21,91.52,,197.34,110.17
2014-07-22,91.5,,198.2,110.721
2014-07-23,91.52,,198.64,110.95
2014-07-24,91.52,,198.65,111.0
2014-07-25,91.52,,197.72,110.45
2014-07-28,91.52,,197.8,110.45
2014-07-29,91.52,,196.95,110.01
2014-07-30,91.52,,196.98,110.08
2014-07-31,91.5,,193.09,107.84
2014-08-01,91.52,,192.5,107.56
2014-08-04,91.52,,193.89,108.37
2014-08-05,91.5,,192.01,107.34
2014-08-06,91.5,,192.07,107.35
2014-08-07,91.52,,191.03,106.75
2014-08-08,91.5,,193.24,107.96
2014-08-11,91.5,,193.795,108.36
2014-08-12,91.5,,193.53,108.15
2014-08-13,91.52,,194.84,108.93
2014-08-14,91.5,,195.76,109.41
2014-08-15,91.52,,195.72,109.42
2014-08-18,91.5,,197.36,110.4
2014-08-19,91.52,,198.39,110.97
2014-08-20,91.5,,198.92,111.24
2014-08-21,91.52,,199.5,111.55
2014-08-22,91.52,,199.19,111.41
2014-08-25,91.52,,200.2,111.91
2014-08-26,91.52,,200.33,112.09
2014-08-27,91.5,,200.25,112.06
2014-08-28,91.52,,200.14,111.96
2014-08-29,91.52,,200.71,112.23
2014-09-02,91.5,,200.61,112.27
2014-09-03,91.52,,200.5,112.21
2014-09-04,91.5,,200.2101,111.97
2014-09-05,91.52,,201.11,112.57
2014-09-08,91.5,,200.59,112.27
2014-09-09,91.5,,199.32,111.53
2014-09-10,91.51,,200.07,111.96
2014-09-11,91.5,,200.3,112.07
2014-09-12,91.5,,199.13,111.39
2014-09-15,91.5,,198.981,111.22
2014-09-16,91.5,,200.48,111.98
2014-09-17,91.5,,200.75,112.17
2014-09-18,91.52,,201.82,112.7
2014-09-19,91.52,,200.7,112.59
2014-09-22,91.52,,199.15,111.6
2014-09-23,91.52,,198.01,110.93
2014-09-24,91.52,,199.56,111.36
2014-09-25,91.52,,196.34,109.57
2014-09-26,91.52,,197.9,110.45
2014-09-29,91.5,,197.54,110.27
2014-09-30,91.52,,197.02,109.87
2014-10-01,91.52,,194.35,108.43
2014-10-02,91.52,,194.38,108.43
2014-10-03,91.48,,196.52,109.61
2014-10-06,91.48,,196.29,109.45
2014-10-07,91.5,,193.26,107.81
2014-10-08,91.5,,196.64,109.61
2014-10-09,91.5,,192.74,107.33
2014-10-10,91.5,,190.54,106.05
2014-10-13,91.5,,187.4099,104.22
2014-10-14,91.48,,187.7,104.49
2014-10-15,91.48,,186.43,103.75
2014-10-16,91.5,,186.27,103.95
2014-10-17,91.5,,188.47,105.19
2014-10-20,91.5,,190.3,106.2
2014-10-21,91.48,,194.07,108.34
2014-10-22,91.5,,192.69,107.55
2014-10-23,91.48,,194.93,108.85
2014-10-24,91.48,,196.43,109.63
2014-10-27,91.48,,196.16,109.45
2014-10-28,91.48,,198.41,110.77
2014-10-29,91.5,,198.11,110.56
2014-10-30,91.48,,199.38,111.28
2014-10-31,91.5,,201.66,112.5
2014-11-03,91.48,,201.77,112.55
2014-11-04,91.49,,201.07,112.2
2014-11-05,91.48,,202.34,112.82
2014-11-06,91.5,,203.15,113.29
2014-11-07,91.4834,,203.34,113.4
2014-11-10,91.5,,203.98,113.73
2014-11-11,91.5,,204.175,113.83
2014-11-12,91.5,,203.96,113.82
2014-11-13,91.48,,204.19,113.86
2014-11-14,91.48,,204.24,113.94
2014-11-17,91.5,,204.37,113.93
2014-11-18,91.48,,205.55,114.57
2014-11-19,91.48,,205.22,114.38
2014-11-20,91.48,,205.58,114.64
2014-11-21,91.48,,206.68,115.22
2014-11-24,91.5,,207.26,115.62
2014-11-25,91.5,,207.11,115.57
2014-11-26,91.48,,207.64,115.8
2014-11-28,91.5,,207.2,115.55
2014-12-01,91.48,,205.76,114.64
2014-12-02,91.48,,207.085,115.31
2014-12-03,91.48,,207.89,115.82
2014-12-04,91.48,,207.66,115.71
2014-12-05,91.5,,208.0,115.91
2014-12-08,91.49,,206.61,115.09
2014-12-09,91.4802,,206.47,115.03
2014-12-10,91.48,,203.1601,113.14
2014-12-11,91.48,,204.19,113.68
2014-12-12,91.5,,200.89,111.96
2014-12-15,91.46,,199.51,111.17
2014-12-16,91.46,,197.91,110.27
2014-12-17,91.46,,201.79,112.5
2014-12-18,91.48,,206.78,115.14
2014-12-19,91.46,,206.52,115.6
2014-12-22,91.46,,207.47,116.21
2014-12-23,91.46,,207.75,116.42
2014-12-24,91.48,,207.77,115.84
2014-12-26,91.46,,208.44,116.16
2014-12-29,91.46,,208.72,116.38
2014-12-30,91.46,,207.6,115.81
2014-12-31,91.48,,205.54,114.63
2015-01-02,91.46,,205.43,114.55
2015-01-05,91.48,,201.72,112.62
2015-01-06,91.46,,199.82,111.51
2015-01-07,91.46,,202.31,112.89
2015-01-08,91.46,,205.9,114.9
2015-01-09,91.46,,204.25,113.93
2015-01-12,91.46,,202.65,113.05
2015-01-13,91.46,,202.08,112.86
2015-01-14,91.46,,200.86,112.17
2015-01-15,91.46,,199.0199,111.1
2015-01-16,91.46,,201.63,112.52
2015-01-20,91.46,,202.055,112.71
2015-01-21,91.48,,203.08,113.29
2015-01-22,91.46,,206.1,115.05
2015-01-23,91.48,,204.97,114.45
2015-01-26,91.48,,205.45,114.86
2015-01-27,91.48,,202.74,113.46
2015-01-28,91.46,,200.14,111.9
2015-01-29,91.46,,201.9902,112.91
2015-01-30,91.46,,199.45,111.55
2015-02-02,91.46,,201.92,112.79
2015-02-03,91.48,,204.84,114.45
2015-02-04,91.46,,204.06,114.08
2015-02-05,91.46,,206.12,115.27
2015-02-06,91.46,,205.55,114.95
2015-02-09,91.44,,204.63,114.41
2015-02-10,91.46,,206.81,115.64
2015-02-11,91.44,,206.93,115.68
2015-02-12,91.44,,208.92,116.79
2015-02-13,91.46,,209.78,117.32
2015-02-17,91.46,,210.11,117.49
2015-02-18,91.46,,210.13,117.57
2015-02-19,91.46,,209.98,117.51
2015-02-20,91.44,,211.239,118.25
2015-02-23,91.46,,211.209,118.2
2015-02-24,91.44,,211.81,118.56
2015-02-25,91.46,,211.63,118.47
2015-02-26,91.44,,211.38,118.32
2015-02-27,91.46,,210.66,117.86
2015-03-02,91.44,,211.99,118.68
2015-03-03,91.46,,211.12,118.18
2015-03-04,91.46,,210.2301,117.65
2015-03-05,91.46,,210.46,117.8
2015-03-06,91.44,,207.5,116.21
2015-03-09,91.46,,208.36,116.65
2015-03-10,91.46,,204.98,114.81
2015-03-11,91.45,,204.5,114.64
2015-03-12,91.44,,207.1,116.02
2015-03-13,91.46,,205.8272,115.4
2015-03-16,91.46,,208.58,116.89
2015-03-17,91.46,,207.96,116.62
2015-03-18,91.45,,210.46,118.01
2015-03-19,91.46,,209.5,117.46
2015-03-20,91.46,,210.41,118.57
2015-03-23,91.44,,210.0,118.29
2015-03-24,91.46,,208.82,117.58
2015-03-25,91.44,,205.76,115.42
2015-03-26,91.44,,205.27,115.14
2015-03-27,91.4482,,205.74,115.47
2015-03-30,91.42,,208.25,116.86
2015-03-31,91.46,,206.43,115.85
2015-04-01,91.42,,205.7,115.42
2015-04-02,91.44,,206.435,115.91
2015-04-06,91.44,,207.83,116.7
2015-04-07,91.46,,207.28,116.39
2015-04-08,91.46,,207.975,116.76
2015-04-09,91.44,,208.9,117.24
2015-04-10,91.44,,210.04,117.83
2015-04-13,91.42,,209.09,117.33
2015-04-14,91.44,,209.49,117.52
2015-04-15,91.42,,210.43,118.02
2015-04-16,91.44,,210.37,117.98
2015-04-17,91.42,,207.95,116.64
2015-04-20,91.42,,209.85,117.66
2015-04-21,91.44,,209.6,117.61
2015-04-22,91.42,,210.63,118.13
2015-04-23,91.42,,211.16,118.49
2015-04-24,91.42,,211.6499,118.66
2015-04-27,91.44,,210.77,118.16
2015-04-28,91.44,,211.44,118.46
2015-04-29,91.44,,210.57,117.95
2015-04-30,91.44,,208.46,116.79
2015-05-01,91.42,,210.72,117.94
2015-05-04,91.44,,211.32,118.36
2015-05-05,91.44,,208.9,116.91
2015-05-06,91.44,,208.04,116.54
2015-05-07,91.42,,208.87,116.98
2015-05-08,91.44,,211.62,118.46
2015-05-11,91.42,,210.605,117.92
2015-05-12,91.44,,209.98,117.58
2015-05-13,91.44,,210.02,117.61
2015-05-14,91.42,,212.21,118.82
2015-05-15,91.42,,212.44,119.02
2015-05-18,91.42,,213.1,119.37
2015-05-19,91.42,,213.03,119.33
2015-05-20,91.42,,212.88,119.24
2015-05-21,91.44,,213.5,119.52
2015-05-22,91.43,,212.99,119.3
2015-05-26,91.44,,210.7,118.05
2015-05-27,91.44,,212.7,119.12
2015-05-28,91.42,,212.46,118.98
2015-05-29,91.42,,211.14,118.275
2015-06-01,91.42,,211.57,118.51
2015-06-02,91.44,,211.36,118.42
2015-06-03,91.44,,211.92,118.75
2015-06-04,91.42,,210.1292,117.76
2015-06-05,91.42,,209.77,117.58
2015-06-08,91.4,,208.48,116.82
2015-06-09,91.4,,208.45,116.86
2015-06-10,91.42,,210.95,118.21
2015-06-11,91.44,,211.63,118.59
2015-06-12,91.42,,210.01,117.75
2015-06-15,91.43,,209.11,117.24
2015-06-16,91.4,,210.25,117.9
2015-06-17,91.44,,210.59,118.07
2015-06-18,91.4,,212.78,119.24
2015-06-19,91.4064,,210.81,118.59
2015-06-22,91.42,,211.89,119.35
2015-06-23,91.4,,212.04,119.45
2015-06-24,91.4,,210.5,118.51
2015-06-25,91.42,,209.86,118.2
2015-06-26,91.4,,209.82,118.12
2015-06-29,91.42,,205.42,115.72
2015-06-30,91.42,,205.85,116.04
2015-07-01,91.42,,207.5,116.88
2015-07-02,91.42,,207.31,116.21
2015-07-06,91.42,,206.72,115.89
2015-07-07,91.4,,208.02,116.5
2015-07-08,91.4,,204.53,114.58
2015-07-09,91.4098,,204.9,114.83
2015-07-10,91.4,,207.48,116.3
2015-07-13,91.4,,209.77,117.49
2015-07-14,91.42,,210.68,118.05
2015-07-15,91.4,,210.61,117.9
2015-07-16,91.4,,212.3,118.77
2015-07-17,91.42,,212.48,118.85
2015-07-20,91.4,,212.59,118.92
2015-07-21,91.42,,211.75,118.4
2015-07-22,91.4,,211.37,118.11
2015-07-23,91.4,,210.18,117.53
2015-07-24,91.42,,208.0,116.32
2015-07-27,91.4,,206.79,115.59
2015-07-28,91.4,,209.33,116.97
2015-07-29,91.42,,210.77,117.87
2015-07-30,91.42,,210.82,117.92
2015-07-31,91.42,,210.5,117.73
2015-08-03,91.42,,209.79,117.33
2015-08-04,91.4,,209.38,117.15
2015-08-05,91.4,,210.07,117.54
2015-08-06,91.4,,208.35,116.61
2015-08-07,91.4,,207.95,116.31
2015-08-10,91.42,,210.57,117.77
2015-08-11,91.4,,208.67,116.72
2015-08-12,91.4,,208.92,116.85
2015-08-13,91.4,,208.66,116.72
2015-08-14,91.38,,209.42,117.14
2015-08-17,91.38,,210.59,117.84
2015-08-18,91.4,,209.98,117.53
2015-08-19,91.42,,208.32,116.58
2015-08-20,91.39,,203.97,114.02
2015-08-21,91.4,,197.83,110.59
2015-08-24,91.4,,189.5,106.13
2015-08-25,91.4,,187.27,104.69
2015-08-26,91.42,,194.46,108.66
2015-08-27,91.4,,199.27,111.36
2015-08-28,91.42,,199.28,111.49
2015-08-31,91.42,,197.67,110.64
2015-09-01,91.42,,191.77,107.27
2015-09-02,91.4,,195.41,109.37
2015-09-03,91.42,,195.55,109.46
2015-09-04,91.4,,192.59,107.85
2015-09-08,91.4,,197.43,110.59
2015-09-09,91.4,,194.79,109.08
2015-09-10,91.38,,195.85,109.59
2015-09-11,91.4,,196.74,110.15
2015-09-14,91.4,,196.01,109.73
2015-09-15,91.38,,198.46,111.09
2015-09-16,91.38,,200.18,112.04
2015-09-17,91.38,,199.73,111.83
2015-09-18,91.38,,195.45,110.06
2015-09-21,91.4,,196.46,110.53
2015-09-22,91.4,,193.91,109.11
2015-09-23,91.38,,193.6,108.89
2015-09-24,91.38,,192.9,108.49
2015-09-25,91.38,,192.85,107.88
2015-09-28,91.4,,188.01,105.05
2015-09-29,91.4,,188.12,105.08
2015-09-30,91.38,,191.63,107.05
2015-10-01,91.4,,192.13,107.23
2015-10-02,91.4,,195.0,108.86
2015-10-05,91.38,,198.47,110.83
2015-10-06,91.38,,197.79,110.44
2015-10-07,91.38,,199.41,111.38
2015-10-08,91.38,,201.21,112.39
2015-10-09,91.38,,201.33,112.5
2015-10-12,91.38,,201.52,112.5
2015-10-13,91.38,,200.25,111.78
2015-10-14,91.38,,199.29,111.23
2015-10-15,91.38,,202.35,112.85
2015-10-16,91.38,,203.27,113.31
2015-10-19,91.38,,203.37,113.43
2015-10-20,91.36,,203.09,113.29
2015-10-21,91.37,,201.85,112.51
2015-10-22,91.38,,205.26,114.25
2015-10-23,91.38,,207.51,115.47
2015-10-26,91.36,,207.0,115.23
2015-10-27,91.36,,206.6,114.89
2015-10-28,91.36,,208.95,116.3
2015-10-29,91.36,,208.83,116.23
2015-10-30,91.36,,207.93,115.73
2015-11-02,91.36,,210.39,117.12
2015-11-03,91.38,,211.0,117.42
2015-11-04,91.36,,210.36,117.16
2015-11-05,91.36,,210.15,117.01
2015-11-06,91.36,,210.04,116.89
2015-11-09,91.38,,208.08,115.84
2015-11-10,91.36,,208.56,116.04
2015-11-11,91.38,,207.74,115.58
2015-11-12,91.38,,204.84,114.0
2015-11-13,91.36,,202.54,112.72
2015-11-16,91.38,,205.62,114.41
2015-11-17,91.36,,205.47,114.21
2015-11-18,91.36,,208.73,116.1
2015-11-19,91.38,,208.55,116.03
2015-11-20,91.36,,209.3108,116.38
2015-11-23,91.38,,209.07,116.32
2015-11-24,91.36,,209.35,116.59
2015-11-25,91.36,,209.32,116.55
2015-11-27,91.37,,209.56,116.69
2015-11-30,91.38,,208.69,116.2
2015-12-01,91.36,,210.68,117.26
2015-12-02,91.36,,208.529,116.1
2015-12-03,91.38,,205.61,114.39
2015-12-04,91.38,,209.62,116.56
2015-12-07,91.38,,208.35,115.72
2015-12-08,91.36,,206.949,115.02
2015-12-09,91.34,,205.34,114.11
2015-12-10,91.36,,205.87,114.39
2015-12-11,91.38,,201.88,112.17
2015-12-14,91.38,,202.9008,112.6
2015-12-15,91.36,,205.0308,113.84
2015-12-16,91.38,,208.03,115.48
2015-12-17,91.36,,204.86,113.73
2015-12-18,91.38,,200.0208,111.81
2015-12-21,91.36,,201.67,112.64
2015-12-22,91.36,,203.5,113.65
2015-12-23,91.36,,206.02,115.09
2015-12-24,91.37,,205.68,114.32
2015-12-28,91.36,,205.21,114.07
2015-12-29,91.36,,207.4,115.22
2015-12-30,91.38,,205.93,114.35
2015-12-31,91.36,,203.87,113.31
2016-01-04,91.38,,201.0192,111.66
2016-01-05,91.38,,201.36,111.88
2016-01-06,91.34,,198.82,110.4
2016-01-07,91.36,,194.05,107.71
2016-01-08,91.36,,191.923,106.59
2016-01-11,91.36,,192.11,106.52
2016-01-12,91.38,,193.6608,107.35
2016-01-13,91.36,,188.83,104.6
2016-01-14,91.34,,191.93,106.24
2016-01-15,91.34,,187.81,103.98
2016-01-19,91.36,,188.06,104.0
2016-01-20,91.36,,185.65,102.83
2016-01-21,91.38,,186.69,103.29
2016-01-22,91.34,,190.52,105.44
2016-01-25,91.36,,187.64,103.8
2016-01-26,91.34,,190.2,105.31
2016-01-27,91.36,,188.13,104.12
2016-01-28,91.36,,189.11,104.53
2016-01-29,91.38,,193.7208,107.15
2016-02-01,91.34,,193.65,107.18
2016-02-02,91.34,,190.16,105.18
2016-02-03,91.36,,191.3,105.76
2016-02-04,91.38,,191.6,106.0
2016-02-05,91.38,,187.95,103.9
2016-02-08,91.36,,185.42,102.34
2016-02-09,91.38,,185.43,102.16
2016-02-10,91.36,,185.27,102.28
2016-02-11,91.37,,182.86,100.93
2016-02-12,91.36,,186.63,102.94
2016-02-16,91.36,,189.78,104.73
2016-02-17,91.36,,192.88,106.53
2016-02-18,91.38,,192.09,106.09
2016-02-19,91.38,,192.0,106.11
2016-02-22,91.3798,,194.78,107.62
2016-02-23,91.36,,192.32,106.37
2016-02-24,91.38,,193.2,106.8
2016-02-25,91.36,,195.54,108.06
2016-02-26,91.36,,195.0892,108.02
2016-02-29,91.38,,193.56,107.15
2016-03-01,91.38,,198.11,109.7
2016-03-02,91.36,,199.0,110.25
2016-03-03,91.38,,199.775,110.8
2016-03-04,91.38,,200.43,111.17
2016-03-07,91.38,,200.59,111.3
2016-03-08,91.3603,,198.4,109.95
2016-03-09,91.38,,199.38,110.54
2016-03-10,91.38,,199.54,110.49
2016-03-11,91.36,,202.76,112.38
2016-03-14,91.36,,202.5,112.26
2016-03-15,91.36,,202.17,111.94
2016-03-16,91.38,,203.34,112.67
2016-03-17,91.36,,204.63,113.43
2016-03-18,91.36,,204.38,113.96
2016-03-21,91.38,,204.67,114.04
2016-03-22,91.37,,204.56,114.03
2016-03-23,91.36,,203.2092,112.62
2016-03-24,91.38,,203.12,112.62
2016-03-28,91.38,,203.24,112.65
2016-03-29,91.38,,205.1208,113.8
2016-03-30,91.38,,206.02,114.22
2016-03-31,91.38,,205.52,114.07
2016-04-01,91.38,,206.92,114.74
2016-04-04,91.38,,206.25,114.35
2016-04-05,91.4,,204.1892,113.22
2016-04-06,91.4,,206.42,114.47
2016-04-07,91.38,,203.95,113.13
2016-04-08,91.4,,204.4992,113.43
2016-04-11,91.38,,204.0201,113.2
2016-04-12,91.38,,205.92,114.25
2016-04-13,91.4,,208.0008,115.47
2016-04-14,91.4,,208.01,115.46
2016-04-15,91.38,,207.78,115.37
2016-04-18,91.4,,209.2392,116.18
2016-04-19,91.4,,209.9,116.49
2016-04-20,91.4,,210.1,116.66
2016-04-21,91.38,,208.97,116.06
2016-04-22,91.4,,208.97,116.12
2016-04-25,91.38,,208.61,115.85
2016-04-26,91.4,,208.9192,116.14
2016-04-27,91.4,,209.35,116.42
2016-04-28,91.4,,207.4475,115.32
2016-04-29,91.42,,206.3308,114.67
2016-05-02,91.4,,207.97,115.56
2016-05-03,91.42,,206.1592,114.5
2016-05-04,91.4,,205.01,113.83
2016-05-05,91.4,,204.97,113.81
2016-05-06,91.42,,205.72,114.17
2016-05-09,91.42,,205.8892,114.29
2016-05-10,91.42,,208.45,115.74
2016-05-11,91.38,,206.5,114.61
2016-05-12,91.38,,206.56,114.61
2016-05-13,91.38,,204.76,113.62
2016-05-16,91.38,,206.78,114.82
2016-05-17,91.38,,204.8508,113.73
2016-05-18,91.4,,204.91,113.74
2016-05-19,91.38,,204.2,113.35
2016-05-20,91.4,,205.49,114.08
2016-05-23,91.42,,205.21,113.88
2016-05-24,91.38,,207.87,115.39
2016-05-25,91.4,,209.28,116.19
2016-05-26,91.4,,209.34,116.23
2016-05-27,91.42,,210.24,116.73
2016-05-31,91.42,,209.84,116.58
2016-06-01,91.42,,210.27,116.89
2016-06-02,91.4,,210.91,117.29
2016-06-03,91.42,,210.28,116.91
2016-06-06,91.44,,211.35,117.53
2016-06-07,91.44,,211.68,117.68
2016-06-08,91.44,,212.37,118.06
2016-06-09,91.4,,212.08,117.85
2016-06-10,91.4,,210.07,116.73
2016-06-13,91.4,,208.4492,115.76
2016-06-14,91.4,,208.04,115.53
2016-06-15,91.4,,207.75,115.47
2016-06-16,91.42,,208.37,115.79
2016-06-17,91.4,,206.52,115.36
2016-06-20,91.42,,207.85,116.13
2016-06-21,91.42,,208.44,116.38
2016-06-22,91.42,,208.1,116.22
2016-06-23,91.42,,210.81,117.8
2016-06-24,91.4,,203.13,113.47
2016-06-27,91.4,,199.6,111.32
2016-06-28,91.4,,203.1997,113.32
2016-06-29,91.4,,206.66,115.33
2016-06-30,91.4,,209.475,116.89
2016-07-01,91.44,,209.9208,117.15
2016-07-05,91.44,,208.41,116.29
2016-07-06,91.42,,209.66,116.37
2016-07-07,91.44,,209.526,116.33
2016-07-08,91.42,,212.65,118.09
2016-07-11,91.44,,213.4,118.54
2016-07-12,91.4,,214.95,119.41
2016-07-13,91.42,,214.92,119.38
2016-07-14,91.44,,216.12,119.99
2016-07-15,91.42,,215.83,119.77
2016-07-18,91.42,,216.4092,120.06
2016-07-19,91.44,,216.19,119.99
2016-07-20,91.44,,217.085,120.57
2016-07-21,91.44,,216.265,120.09
2016-07-22,91.44,,217.24,120.63
2016-07-25,91.42,,216.65,120.38
2016-07-26,91.42,,216.75,120.46
2016-07-27,91.44,,216.52,120.26
2016-07-28,91.42,,216.77,120.46
2016-07-29,91.44,,217.12,120.66
2016-08-01,91.42,,216.94,120.52
2016-08-02,91.44,,215.5492,119.74
2016-08-03,91.42,,216.18,120.17
2016-08-04,91.42,,216.4097,120.24
2016-08-05,91.42,,218.18,121.18
2016-08-08,91.42,,218.05,121.12
2016-08-09,91.42,,218.18,121.18
2016-08-10,91.42,,217.64,120.88
2016-08-11,91.42,,218.65,121.45
2016-08-12,91.42,,218.46,121.37
2016-08-15,91.42,,219.09,121.77
2016-08-16,91.42,,217.96,121.09
2016-08-17,91.42,,218.37,121.28
2016-08-18,91.44,,218.86,121.55
2016-08-19,91.42,,218.54,121.43
2016-08-22,91.42,,218.53,121.38
2016-08-23,91.42,,218.97,121.68
2016-08-24,91.44,,217.85,121.01
2016-08-25,91.42,,217.7,120.94
2016-08-26,91.42,,217.29,120.67
2016-08-29,91.44,,218.3608,121.31
2016-08-30,91.44,,218.0,121.1
2016-08-31,91.44,,217.38,120.79
2016-09-01,91.44,,217.39,120.89
2016-09-02,91.46,,218.37,121.47
2016-09-06,91.46,,219.0308,121.82
2016-09-07,91.44,,219.01,121.92
2016-09-08,91.44,,218.51,121.6
2016-09-09,91.46,,213.28,118.62
2016-09-12,91.42,,216.34,120.3
2016-09-13,91.44,,213.23,118.45
2016-09-14,91.44,,213.15,118.45
2016-09-15,91.44,,215.28,119.62
2016-09-16,91.44,,213.37,119.19
2016-09-19,91.44,,213.41,119.26
2016-09-20,91.44,,213.42,119.23
2016-09-21,91.44,,215.82,120.54
2016-09-22,91.46,,217.18,121.39
2016-09-23,91.46,,215.99,120.73
2016-09-26,91.46,,214.24,119.28
2016-09-27,91.44,,215.57,119.99
2016-09-28,91.44,,216.64,120.65
2016-09-29,91.44,,214.68,119.54
2016-09-30,91.46,,216.3,120.46
2016-10-03,91.44,,215.78,120.05
2016-10-04,91.46,,214.68,119.49
2016-10-05,91.46,,215.63,120.02
2016-10-06,91.46,,215.78,120.08
2016-10-07,91.46,,215.04,119.67
2016-10-10,91.46,,216.16,120.25
2016-10-11,91.44,,213.43,118.76
2016-10-12,91.46,,213.71,118.9
2016-10-13,91.44,,213.01,118.48
2016-10-14,91.44,,213.12,118.47
2016-10-17,91.44,,212.38,118.14
2016-10-18,91.44,,213.71,118.85
2016-10-19,91.46,,214.28,119.2
2016-10-20,91.44,,213.88,118.97
2016-10-21,91.44,,213.98,118.99
2016-10-24,91.44,,214.89,119.5
2016-10-25,91.44,,214.17,119.07
2016-10-26,91.46,,213.74,118.75
2016-10-27,91.44,,213.17,118.38
2016-10-28,91.46,,212.54,118.04
2016-10-31,91.48,,212.55,118.07
2016-11-01,91.46,,211.01,117.27
2016-11-02,91.48,,209.74,116.51
2016-11-03,91.46,,208.78,115.98
2016-11-04,91.48,,208.55,115.92
2016-11-07,91.46,,213.15,118.4
2016-11-08,91.48,,214.11,118.92
2016-11-09,91.44,,216.3792,120.28
2016-11-10,91.44,,216.92,120.56
2016-11-11,91.4,,216.42,120.33
2016-11-14,91.44,,216.59,120.61
2016-11-15,91.46,,218.28,121.51
2016-11-16,91.46,,217.87,121.36
2016-11-17,91.48,,218.99,121.99
2016-11-18,91.46,,218.5,121.75
2016-11-21,91.44,,220.15,122.61
2016-11-22,91.44,,220.58,122.9
2016-11-23,91.44,,220.7,123.03
2016-11-25,91.46,,221.52,123.48
2016-11-28,91.44,,220.48,122.88
2016-11-29,91.44,,220.91,123.05
2016-11-30,91.44,,220.38,122.84
2016-12-01,91.44,,219.57,122.32
2016-12-02,91.42,,219.68,122.36
2016-12-05,91.42,,221.0,123.15
2016-12-06,91.44,,221.7,123.65
2016-12-07,91.44,,224.6,125.23
2016-12-08,91.44,,225.15,125.57
2016-12-09,91.44,,226.51,126.24
2016-12-12,91.42,,226.25,126.04
2016-12-13,91.44,,227.76,126.81
2016-12-14,91.44,,225.88,125.72
2016-12-15,91.44,,226.81,126.25
2016-12-16,91.42,,225.04,126.06
2016-12-19,91.44,,225.53,126.32
2016-12-20,91.42,,226.4,126.82
2016-12-21,91.44,,225.77,126.47
2016-12-22,91.42,,225.38,125.52
2016-12-23,91.42,,225.71,125.67
2016-12-27,91.44,,226.27,125.97
2016-12-28,91.42,,224.4,124.93
2016-12-29,91.44,,224.35,124.96
2016-12-30,91.4,,223.53,124.46
2017-01-03,91.44,,225.24,125.44
2017-01-04,91.44,,226.58,126.28
2017-01-05,91.42,,226.4,126.17
2017-01-06,91.44,,227.21,126.68
2017-01-09,91.44,,226.46,126.19
2017-01-10,91.42,,226.46,126.27
2017-01-11,91.44,,227.1,126.6
2017-01-12,91.44,,226.53,126.27
2017-01-13,91.44,,227.05,126.58
2017-01-17,91.44,,226.25,126.16
2017-01-18,91.42,,226.75,126.45
2017-01-19,91.42,,225.91,125.94
2017-01-20,91.44,,226.74,126.37
2017-01-23,91.42,,226.15,126.06
2017-01-24,91.42,,227.6,126.93
2017-01-25,91.44,,229.57,127.99
2017-01-26,91.46,,229.33,127.82
2017-01-27,91.42,,228.97,127.66
2017-01-30,91.46,,227.55,126.89
2017-01-31,91.44,,227.53,126.86
2017-02-01,91.42,,227.62,126.87
2017-02-02,91.42,,227.77,126.98
2017-02-03,91.4,,229.34,127.96
2017-02-06,91.44,,228.93,127.69
2017-02-07,91.44,,228.94,127.67
2017-02-08,91.44,,229.24,127.82
2017-02-09,91.43,,230.6,128.63
2017-02-10,91.42,,231.51,129.12
2017-02-13,91.42,,232.77,129.8
2017-02-14,91.44,,233.7,130.31
2017-02-15,91.42,,234.92,130.93
2017-02-16,91.42,,234.72,130.89
2017-02-17,91.44,,235.09,131.11
2017-02-21,91.42,,236.49,131.84
2017-02-22,91.42,,236.28,131.68
2017-02-23,91.42,,236.44,131.73
2017-02-24,91.42,,236.74,131.94
2017-02-27,91.42,,237.11,132.15
2017-02-28,91.46,,236.47,131.7
2017-03-01,91.4,,239.78,133.54
2017-03-02,91.4,,238.27,132.67
2017-03-03,91.42,,238.42,132.8
2017-03-06,91.44,,237.71,132.39
2017-03-07,91.4,,237.0,131.97
2017-03-08,91.4,,236.56,131.66
2017-03-09,91.4,,236.86,131.71
2017-03-10,91.42,,237.69,132.16
2017-03-13,91.4,,237.81,132.29
2017-03-14,91.4,,236.9,131.79
2017-03-15,91.42,,238.95,132.96
2017-03-16,91.44,,238.48,132.73
2017-03-17,91.44,,237.03,132.58
2017-03-20,91.4196,,236.77,132.3429
2017-03-21,91.44,,233.73,130.59
2017-03-22,91.44,,234.28,130.88
2017-03-23,91.42,,234.03,130.77
2017-03-24,91.44,,233.86,130.15
2017-03-27,91.44,,233.62,129.99
2017-03-28,91.44,,235.32,130.93
2017-03-29,91.44,,235.54,131.11
2017-03-30,91.44,,236.29,131.55
2017-03-31,91.42,,235.74,131.25
2017-04-03,91.4,,235.33,131.04
2017-04-04,91.4,,235.48,131.1
2017-04-05,91.4,,234.78,130.64
2017-04-06,91.4,,235.44,131.0
2017-04-07,91.4,,235.2,130.9
2017-04-10,91.4,,235.34,131.02
2017-04-11,91.42,,235.06,130.94
2017-04-12,91.4,,234.03,130.4
2017-04-13,91.42,,232.51,129.47
2017-04-17,91.42,,234.57,130.59
2017-04-18,91.44,,233.87,130.25
2017-04-19,91.44,,233.44,130.09
2017-04-20,91.44,,235.34,131.12
2017-04-21,91.44,,234.59,130.69
2017-04-24,91.42,,237.17,132.07
2017-04-25,91.42,,238.55,132.88
2017-04-26,91.44,,238.4,132.88
2017-04-27,91.42,,238.6,132.94
2017-04-28,91.46,,238.08,132.61
2017-05-01,91.42,,238.68,132.92
2017-05-02,91.4,,238.77,132.97
2017-05-03,91.4,,238.48,132.79
2017-05-04,91.42,,238.76,132.82
2017-05-05,91.4,,239.7,133.44
2017-05-08,91.42,,239.66,133.4
2017-05-09,91.42,,239.44,133.25
2017-05-10,91.44,,239.87,133.48
2017-05-11,91.44,,239.38,133.19
2017-05-12,91.42,,238.98,132.96
2017-05-15,91.44,,240.3,133.66
2017-05-16,91.44,,240.08,133.55
2017-05-17,91.46,,235.82,131.23
2017-05-18,91.46,,236.77,131.69
2017-05-19,91.44,,238.31,132.59
2017-05-22,91.46,,239.52,133.28
2017-05-23,91.46,,240.05,133.55
2017-05-24,91.44,,240.61,133.88
2017-05-25,91.46,,241.76,134.5
2017-05-26,91.48,,241.71,134.47
2017-05-30,91.44,,241.5,134.33
2017-05-31,91.44,,241.44,134.31
2017-06-01,91.42,,243.36,135.4
2017-06-02,91.4,,244.17,135.85
2017-06-05,91.42,,243.99,135.75
2017-06-06,91.4,,243.21,135.32
2017-06-07,91.44,,243.66,135.55
2017-06-08,91.42,,243.78,135.62
2017-06-09,91.44,,243.41,135.46
2017-06-12,91.42,,243.36,135.41
2017-06-13,91.44,,244.55,136.13
2017-06-14,91.42,,244.24,135.95
2017-06-15,91.42,,243.77,135.67
2017-06-16,91.46,,242.64,135.68
2017-06-19,91.44,,244.66,136.74
2017-06-20,91.44,,243.01,135.81
2017-06-21,91.46,,242.95,135.75
2017-06-22,91.48,,242.84,135.68
2017-06-23,91.46,,243.13,135.92
2017-06-26,91.44,,243.29,136.07
2017-06-27,91.44,,241.33,135.0
2017-06-28,91.48,,243.49,136.18
2017-06-29,91.46,,241.35,135.03
2017-06-30,91.48,,241.8,135.27
2017-07-03,91.44,,242.21,135.57
2017-07-05,91.42,,242.77,135.76
2017-07-06,91.44,,240.55,133.83
2017-07-07,91.44,,242.11,134.67
2017-07-10,91.44,,242.37,134.83
2017-07-11,91.44,,242.19,134.75
2017-07-12,91.42,,244.01,135.78
2017-07-13,91.42,,244.42,135.97
2017-07-14,91.46,,245.56,136.59
2017-07-17,91.44,,245.53,136.59
2017-07-18,91.44,,245.66,136.7
2017-07-19,91.44,,246.99,137.44
2017-07-20,91.44,,247.1,137.46
2017-07-21,91.44,,246.88,137.34
2017-07-24,91.44,,246.82,137.4
2017-07-25,91.44,,247.42,137.77
2017-07-26,91.46,,247.43,137.75
2017-07-27,91.48,,247.2,137.54
2017-07-28,91.46,,246.91,137.32
2017-07-31,91.46,,246.77,137.21
2017-08-01,91.42,,247.32,137.52
2017-08-02,91.44,,247.44,137.57
2017-08-03,91.44,,246.96,137.3
2017-08-04,91.44,,247.41,137.55
2017-08-07,91.44,,247.87,137.81
2017-08-08,91.44,,247.26,137.53
2017-08-09,91.44,,247.25,137.37
2017-08-10,91.44,,243.76,135.42
2017-08-11,91.46,,244.12,135.63
2017-08-14,91.44,,246.54,136.99
2017-08-15,91.46,,246.51,136.94
2017-08-16,91.44,,246.94,137.2
2017-08-17,91.46,,243.09,135.12
2017-08-18,91.44,,242.71,134.84
2017-08-21,91.46,,242.9,135.0
2017-08-22,91.48,,245.44,136.32
2017-08-23,91.48,,244.56,135.89
2017-08-24,91.48,,243.99,135.66
2017-08-25,91.46,,244.56,135.95
2017-08-28,91.48,,244.57,135.97
2017-08-29,91.48,,244.85,136.08
2017-08-30,91.48,,246.01,136.79
2017-08-31,91.5,,247.49,137.65
2017-09-01,91.44,,247.84,137.97
2017-09-05,91.4,,246.06,136.86
2017-09-06,91.44,,246.9,137.33
2017-09-07,91.44,,246.87,137.28
2017-09-08,91.42,,246.58,137.11
2017-09-11,91.42,,249.21,138.56
2017-09-12,91.45,,250.05,139.07
2017-09-13,91.46,,250.17,139.16
2017-09-14,91.44,,250.09,139.09
2017-09-15,91.44,,249.19,139.3
2017-09-18,91.44,,249.72,139.65
2017-09-19,91.48,,249.97,139.74
2017-09-20,91.48,,250.06,139.84
2017-09-21,91.48,,249.39,139.5
2017-09-22,91.48,,249.44,139.49
2017-09-25,91.48,,248.93,139.28
2017-09-26,91.48,,249.08,138.74
2017-09-27,91.48,,250.05,139.25
2017-09-28,91.46,,250.35,139.41
2017-09-29,91.5,,251.23,139.88
2017-10-02,91.44,,252.32,140.57
2017-10-03,91.44,,252.86,140.86
2017-10-04,91.42,,253.16,141.05
2017-10-05,91.44,,254.66,141.88
2017-10-06,91.42,,254.37,141.76
2017-10-09,91.42,,253.95,141.5
2017-10-10,91.42,,254.62,141.79
2017-10-11,91.42,,255.02,142.01
2017-10-12,91.46,,254.64,141.81
2017-10-13,91.46,,254.95,141.99
2017-10-16,91.44,,255.29,142.18
2017-10-17,91.46,,255.47,142.23
2017-10-18,91.46,,255.72,142.35
2017-10-19,91.46,,255.79,142.46
2017-10-20,91.48,,257.11,143.12
2017-10-23,91.46,,256.11,142.57
2017-10-24,91.5,,256.56,142.85
2017-10-25,91.5,,255.29,142.12
2017-10-26,91.5,,255.62,142.32
2017-10-27,91.5,,257.71,143.43
2017-10-30,91.48,,256.75,142.95
2017-10-31,91.5,,257.15,143.11
2017-11-01,91.44,,257.49,143.3
2017-11-02,91.42,,257.59,143.36
2017-11-03,91.42,,258.45,143.84
2017-11-06,91.44,,258.85,144.02
2017-11-07,91.44,,258.67,143.91
2017-11-08,91.44,,259.11,144.18
2017-11-09,91.42,,258.17,143.65
2017-11-10,91.44,,258.09,143.58
2017-11-13,91.44,,258.33,143.71
2017-11-14,91.44,,257.73,143.43
2017-11-15,91.44,,256.44,142.72
2017-11-16,91.46,,258.62,143.95
2017-11-17,91.44,,257.86,143.63
2017-11-20,91.46,,258.3,143.89
2017-11-21,91.48,,259.99,144.82
2017-11-22,91.48,,259.76,144.7
2017-11-24,91.46,,260.36,145.02
2017-11-27,91.46,,260.23,144.96
2017-11-28,91.5,,262.87,146.35
2017-11-29,91.48,,262.71,146.28
2017-11-30,91.48,,265.01,147.43
2017-12-01,91.42,,264.46,147.21
2017-12-04,91.43,,264.14,147.03
2017-12-05,91.44,,263.19,146.49
2017-12-06,91.43,,263.24,146.45
2017-12-07,91.44,,264.07,146.95
2017-12-08,91.45,,265.51,147.76
2017-12-11,91.44,,266.31,148.17
2017-12-12,91.45,,266.78,148.42
2017-12-13,91.44,,266.75,148.33
2017-12-14,91.45,,265.66,147.72
2017-12-15,91.46,,266.51,148.94
2017-12-18,91.47,,268.2,149.93
2017-12-19,91.39,,267.17,149.37
2017-12-20,91.39,,267.03,149.31
2017-12-21,91.39,,267.58,149.0
2017-12-22,91.41,,267.51,148.95
2017-12-26,91.4,,267.19,148.79
2017-12-27,91.42,,267.32,148.9
2017-12-28,91.42,,267.87,149.22
2017-12-29,91.4,,266.86,148.61
2018-01-02,91.41,,268.77,149.7
2018-01-03,91.43,,270.47,150.6
2018-01-04,91.44,,271.61,151.23
2018-01-05,91.44,,273.42,152.15
2018-01-08,91.45,,273.92,152.46
2018-01-09,91.45,,274.54,152.79
2018-01-10,91.45,,274.12,152.53
2018-01-11,91.44,,276.12,153.68
2018-01-12,91.47,,277.92,154.67
2018-01-16,91.45,,276.97,154.08
2018-01-17,91.47,,279.61,155.5
2018-01-18,91.47,,279.14,155.26
2018-01-19,91.48,,280.41,156.02
2018-01-22,91.49,,282.69,157.25
2018-01-23,91.49,,283.29,157.64
2018-01-24,91.5,,283.18,157.54
2018-01-25,91.5,,283.3,157.56
2018-01-26,91.52,,286.58,159.28
2018-01-29,91.5,,284.68,158.24
2018-01-30,91.51,29.9,281.76,156.59
2018-01-31,91.52,29.92,281.9,156.65
2018-02-01,91.43,29.925,281.58,156.58
2018-02-02,91.44,29.755,275.45,153.25
2018-02-05,91.43,29.7,263.93,147.03
2018-02-06,91.44,29.7825,269.13,149.56
2018-02-07,91.45,29.69,267.67,148.93
2018-02-08,91.44,29.605,257.63,143.4
2018-02-09,91.46,29.605,261.5,145.49
2018-02-12,91.46,29.645,265.34,147.49
2018-02-13,91.46,29.7375,266.0,147.94
2018-02-14,91.46,29.765,269.59,150.0
2018-02-15,91.47,29.8675,273.03,151.82
2018-02-16,91.48,29.915,273.11,151.93
2018-02-20,91.48,29.735,271.4,151.0
2018-02-21,91.47,29.695,270.05,150.27
2018-02-22,91.48,29.7275,270.4,150.37
2018-02-23,91.5,29.7875,274.71,152.73
2018-02-26,91.48,29.83,277.9,154.41
2018-02-27,91.5,29.67,274.43,152.48
2018-02-28,91.51,29.6975,271.65,150.85
2018-03-01,91.44,29.7,267.7,148.89
2018-03-02,91.45,29.835,269.08,149.81
2018-03-05,91.45,29.8575,272.19,151.5
2018-03-06,91.45,29.905,272.88,151.98
2018-03-07,91.45,29.855,272.78,151.98
2018-03-08,91.44,29.8325,274.1,152.64
2018-03-09,91.46,29.7725,278.87,155.2
2018-03-12,91.47,29.805,278.52,155.08
2018-03-13,91.47,29.9075,276.72,154.13
2018-03-14,91.47,29.9275,275.3,153.34
2018-03-15,91.46,29.89,275.0,153.13
2018-03-16,91.48,29.8625,274.2,153.39
2018-03-19,91.48,29.915,270.49,151.34
2018-03-20,91.47,29.8025,270.95,151.54
2018-03-21,91.49,29.795,270.43,151.35
2018-03-22,91.5,29.9425,263.67,146.99
2018-03-23,91.51,30.0125,258.05,143.9
2018-03-26,91.5,30.0875,265.11,147.73
2018-03-27,91.52,30.04,260.6,145.18
2018-03-28,91.53,30.0125,259.83,144.79
2018-03-29,91.55,29.9775,263.15,146.86
2018-04-02,91.44,,257.47,143.47
2018-04-03,91.43,29.9475,260.77,145.27
2018-04-04,91.45,29.9775,263.56,146.94
2018-04-05,91.46,29.8675,265.64,147.94
2018-04-06,91.46,29.995,259.72,144.79
2018-04-09,91.47,30.0125,261.0,145.3
2018-04-10,91.46,30.0125,265.15,147.65
2018-04-11,91.48,30.1225,263.76,146.95
2018-04-12,91.48,29.99,265.93,148.06
2018-04-13,91.48,29.9975,265.15,147.7
2018-04-16,91.5,30.0175,267.33,148.88
2018-04-17,91.5,29.9925,270.19,150.46
2018-04-18,91.49,29.9925,270.39,150.63
2018-04-19,91.51,29.8575,268.89,149.79
2018-04-20,91.51,29.7525,266.61,148.55
2018-04-23,91.51,29.585,266.57,148.5
2018-04-24,91.52,29.5575,262.98,146.61
2018-04-25,91.53,29.4875,263.63,146.84
2018-04-26,91.54,29.4725,266.31,148.37
2018-04-27,91.55,29.5225,266.56,148.48
2018-04-30,91.54,29.4925,264.51,147.24
2018-05-01,91.44,29.415,264.98,147.57
2018-05-02,91.45,29.3575,263.2,146.63
2018-05-03,91.45,29.43,262.62,146.31
2018-05-04,91.47,29.3725,266.02,148.21
2018-05-07,91.47,,266.92,148.81
2018-05-08,91.48,29.2775,266.92,148.86
2018-05-09,91.48,29.27,269.5,150.22
2018-05-10,91.48,29.3175,272.02,151.57
2018-05-11,91.48,29.3875,272.85,151.86
2018-05-14,91.48,29.3575,272.98,152.04
2018-05-15,91.5,29.175,271.1,150.98
2018-05-16,91.51,29.08,272.24,151.69
2018-05-17,91.51,29.03,272.01,151.6
2018-05-18,91.52,29.0425,271.33,151.29
2018-05-21,91.52,29.0225,273.37,152.39
2018-05-22,91.52,29.05,272.61,151.9
2018-05-23,91.53,29.07,273.36,152.33
2018-05-24,91.55,29.18,272.8,152.09
2018-05-25,91.56,29.1625,272.15,151.75
2018-05-29,91.56,29.1125,269.02,150.12
2018-05-30,91.55,29.22,272.61,152.08
2018-05-31,91.57,29.2575,270.94,151.03
2018-06-01,91.45,29.215,273.6,152.6
2018-06-04,91.46,29.2025,274.9,153.35
2018-06-05,91.46,29.19,275.1,153.55
2018-06-06,91.45,29.1675,277.4,154.83
2018-06-07,91.46,29.19,277.37,154.72
2018-06-08,91.48,29.185,278.19,155.2
2018-06-11,91.49,29.18,278.56,155.45
2018-06-12,91.49,29.1625,278.92,155.7
2018-06-13,91.48,29.165,278.03,155.1
2018-06-14,91.51,29.1075,278.73,155.54
2018-06-15,91.51,29.12,277.13,155.37
2018-06-18,91.5,29.105,276.56,155.11
2018-06-19,91.52,29.09,275.5,154.52
2018-06-20,91.51,29.0725,275.97,154.87
2018-06-21,91.52,29.08,274.24,153.79
2018-06-22,91.53,29.1075,274.74,153.99
2018-06-25,91.55,29.195,271.0,151.91
2018-06-26,91.54,29.14,271.6,152.21
2018-06-27,91.56,29.0925,269.35,150.89
2018-06-28,91.56,29.0925,270.89,151.82
2018-06-29,91.58,29.1575,271.28,151.98
2018-07-02,91.44,29.1,271.86,152.39
2018-07-03,91.46,29.1925,270.9,151.12
2018-07-05,91.46,29.235,273.11,152.38
2018-07-06,91.48,29.3,275.42,153.68
2018-07-09,91.48,29.275,277.9,155.11
2018-07-10,91.49,29.2375,278.9,155.59
2018-07-11,91.49,29.2075,276.86,154.54
2018-07-12,91.49,29.16,279.37,155.81
2018-07-13,91.5,29.165,279.59,155.93
2018-07-16,91.51,29.1775,279.34,155.73
2018-07-17,91.51,29.1675,280.47,156.41
2018-07-18,91.52,29.11,281.06,156.75
2018-07-19,91.53,29.07,280.0,156.26
2018-07-20,91.54,29.1825,279.68,156.02
2018-07-23,91.53,29.1075,280.2,156.27
2018-07-24,91.55,29.115,281.61,156.76
2018-07-25,91.54,29.1525,284.01,158.12
2018-07-26,91.55,29.1125,283.34,157.78
2018-07-27,91.57,29.1175,281.42,156.68
2018-07-30,91.56,29.125,279.95,155.7
2018-07-31,91.58,29.1175,281.33,156.52
2018-08-01,91.45,28.7825,280.86,156.36
2018-08-02,91.46,28.7525,282.39,157.24
2018-08-03,91.46,28.8,283.6,157.9
2018-08-06,91.47,28.7925,284.64,158.58
2018-08-07,91.48,28.7975,285.58,159.02
2018-08-08,91.47,28.7925,285.46,158.95
2018-08-09,91.48,28.7925,285.07,158.82
2018-08-10,91.5,28.75,283.16,157.78
2018-08-13,91.51,28.715,282.1,157.12
2018-08-14,91.49,28.6575,283.9,158.18
2018-08-15,91.51,28.65,281.78,156.94
2018-08-16,91.51,28.6975,284.06,158.21
2018-08-17,91.52,28.7375,285.06,158.79
2018-08-20,91.52,28.7875,285.67,159.13
2018-08-21,91.53,28.865,286.34,159.58
2018-08-22,91.53,28.92,286.17,159.58
2018-08-23,91.56,28.8775,285.79,159.27
2018-08-24,91.56,28.91,287.51,160.3
2018-08-27,91.57,,289.78,161.52
2018-08-28,91.57,28.9375,289.92,161.61
2018-08-29,91.56,28.8825,291.48,162.5
2018-08-30,91.6,28.8825,290.3,161.79
2018-08-31,91.59,28.8825,290.31,161.83
2018-09-04,91.46,28.7725,289.81,161.65
2018-09-05,91.45,28.795,289.03,161.15
2018-09-06,91.47,28.8825,288.16,160.63
2018-09-07,91.49,28.77,287.6,160.25
2018-09-10,91.49,28.8175,288.1,160.57
2018-09-11,91.5,28.7675,289.05,161.16
2018-09-12,91.5,28.83,289.12,161.19
2018-09-13,91.5,28.8475,290.83,162.08
2018-09-14,91.51,28.7925,290.88,162.21
2018-09-17,91.53,28.8325,289.34,161.21
2018-09-18,91.53,28.795,290.91,162.07
2018-09-19,91.53,28.74,291.22,162.16
2018-09-20,91.55,28.8025,293.58,163.43
2018-09-21,91.55,28.7825,291.99,163.29
2018-09-24,91.56,28.77,291.02,162.71
2018-09-25,91.56,28.7275,290.75,162.54
2018-09-26,91.56,28.7425,289.88,161.31
2018-09-27,91.58,28.695,290.69,161.74
2018-09-28,91.58,28.6675,290.72,161.71
2018-10-01,91.44,28.5925,291.73,162.18
2018-10-02,91.45,28.61,291.56,162.05
2018-10-03,91.45,28.515,291.72,162.25
2018-10-04,91.47,28.4025,289.44,160.88
2018-10-05,91.48,28.375,287.82,159.89
2018-10-08,91.48,28.3425,287.82,159.73
2018-10-09,91.47,28.35,287.4,159.52
2018-10-10,91.49,28.4075,278.3,154.4
2018-10-11,91.5,28.4675,272.17,151.21
2018-10-12,91.5,28.5,275.95,153.17
2018-10-15,91.51,28.5225,274.4,152.49
2018-10-16,91.52,28.54,280.4,155.73
2018-10-17,91.52,28.5175,280.45,155.77
2018-10-18,91.52,28.43,276.4,153.48
2018-10-19,91.53,28.41,276.25,153.23
2018-10-22,91.55,28.375,275.01,152.61
2018-10-23,91.55,28.44,273.61,151.75
2018-10-24,91.56,28.3925,265.32,147.07
2018-10-25,91.57,28.3675,270.08,149.75
2018-10-26,91.58,28.4775,265.33,147.18
2018-10-29,91.58,28.4425,263.86,146.27
2018-10-30,91.58,28.3775,267.77,148.59
2018-10-31,91.59,28.31,270.63,150.24
2018-11-01,91.46,28.3975,273.51,151.95
2018-11-02,91.46,28.3375,271.89,151.06
2018-11-05,91.47,28.3525,273.39,151.81
2018-11-06,91.47,28.3475,275.12,152.78
2018-11-07,91.48,28.42,281.01,155.93
2018-11-08,91.49,28.3325,280.5,155.59
2018-11-09,91.51,28.29,277.76,154.08
2018-11-12,91.5,28.2425,272.57,151.1
2018-11-13,91.51,28.2425,272.06,150.92
2018-11-14,91.5,28.2725,270.2,149.82
2018-11-15,91.53,28.2825,273.02,151.5
2018-11-16,91.54,28.4,273.73,151.82
2018-11-19,91.53,28.4625,269.1,149.26
2018-11-20,91.55,28.3975,264.12,146.52
2018-11-21,91.57,28.385,265.02,147.14
2018-11-23,91.57,28.3875,263.25,146.33
2018-11-26,91.58,28.36,267.5,148.56
2018-11-27,91.58,28.35,268.4,148.9
2018-11-28,91.59,28.2975,274.58,152.34
2018-11-29,91.6,28.45,273.98,152.09
2018-11-30,91.61,28.3925,275.65,153.13
2018-12-03,91.45,28.4575,279.3,155.01
2018-12-04,91.46,28.5425,270.25,150.16
2018-12-06,91.48,28.6325,269.84,149.89
2018-12-07,91.49,28.62,263.57,146.38
2018-12-10,91.5,28.6,264.07,146.56
2018-12-11,91.49,28.575,264.13,146.49
2018-12-12,91.51,28.5825,265.46,147.33
2018-12-13,91.52,28.53,265.37,147.13
2018-12-14,91.53,28.5275,260.47,144.49
2018-12-17,91.54,28.635,255.36,140.57
2018-12-18,91.54,28.7,255.08,140.65
2018-12-19,91.37,28.7775,251.26,138.48
2018-12-20,91.39,28.8225,247.17,136.26
2018-12-21,91.41,28.7725,240.7,133.43
2018-12-24,91.42,28.805,234.34,129.86
2018-12-26,91.41,,246.18,136.25
2018-12-27,91.44,28.8425,248.07,137.53
2018-12-28,91.45,28.93,247.75,137.31
2018-12-31,91.46,28.97,249.92,138.69
2019-01-02,91.45,28.98,250.18,138.63
2019-01-03,91.48,29.1275,244.21,135.31
2019-01-04,91.49,29.09,252.39,139.93
2019-01-07,91.49,29.1075,254.38,141.08
2019-01-08,91.49,29.05,256.77,142.5
2019-01-09,91.49,29.1325,257.97,143.24
2019-01-10,91.5,29.1575,258.88,143.9
2019-01-11,91.52,29.1425,258.98,143.87
2019-01-14,91.51,29.2075,257.4,143.03
2019-01-15,91.53,29.05,260.35,144.58
2019-01-16,91.54,29.075,260.98,144.99
2019-01-17,91.56,29.055,262.96,146.15
2019-01-18,91.56,28.98,266.46,148.03
2019-01-22,91.57,29.0375,262.86,146.03
2019-01-23,91.57,29.085,263.41,146.23
2019-01-24,91.6,29.1175,263.55,146.51
2019-01-25,91.59,29.1775,265.78,147.83
2019-01-28,91.6,29.2,263.76,146.75
2019-01-29,91.6,29.2225,263.41,146.56
2019-01-30,91.62,29.2025,267.58,148.84
2019-01-31,91.62,29.3725,269.93,150.08
2019-02-01,91.45,29.12,270.06,150.31
2019-02-04,91.46,29.0125,271.96,151.43
2019-02-05,91.46,29.0375,273.1,152.07
2019-02-06,91.48,29.01,272.74,151.85
2019-02-07,91.48,29.0375,270.14,150.45
2019-02-08,91.5,29.055,270.47,150.66
2019-02-11,91.49,28.965,270.62,150.8
2019-02-12,91.51,28.955,274.1,152.71
2019-02-13,91.51,28.925,274.99,153.16
2019-02-14,91.53,28.9125,274.38,152.89
2019-02-15,91.53,28.9575,277.37,154.52
2019-02-19,91.55,29.03,277.85,154.79
2019-02-20,91.55,29.0425,278.41,155.06
2019-02-21,91.56,28.985,277.42,154.53
2019-02-22,91.58,29.04,279.14,155.55
2019-02-25,91.57,29.0425,279.52,155.74
2019-02-26,91.58,29.1125,279.32,155.54
2019-02-27,91.59,29.045,279.2,155.6
2019-02-28,91.61,29.0025,278.68,155.19
2019-03-01,91.45,28.9375,280.42,156.28
2019-03-04,91.44,28.9075,279.4,155.58
2019-03-05,91.45,28.8775,279.02,155.4
2019-03-06,91.46,28.96,277.33,154.31
2019-03-07,91.48,28.955,275.01,153.12
2019-03-08,91.49,29.0125,274.46,152.81
2019-03-11,91.49,29.015,278.44,155.03
2019-03-12,91.5,29.065,279.49,155.54
2019-03-13,91.51,29.0975,281.34,156.59
2019-03-14,91.51,29.0675,281.16,156.52
2019-03-15,91.52,29.1275,281.31,157.26
2019-03-18,91.53,29.1575,282.33,157.78
2019-03-19,91.53,29.17,282.4,157.86
2019-03-20,91.53,29.1725,281.55,156.64
2019-03-21,91.56,29.2625,284.73,158.4
2019-03-22,91.56,29.39,279.25,155.29
2019-03-25,91.56,29.415,279.04,155.21
2019-03-26,91.57,29.3775,281.12,156.31
2019-03-27,91.58,29.4375,279.65,155.56
2019-03-28,91.6,29.3975,280.71,156.26
2019-03-29,91.6,29.355,282.48,157.31
2019-04-01,91.44,29.2925,285.83,159.14
2019-04-02,91.43,29.2525,285.97,159.14
2019-04-03,91.44,29.255,286.42,159.52
2019-04-04,91.47,29.2425,287.18,159.81
2019-04-05,91.47,29.2275,288.57,160.57
2019-04-08,91.47,29.285,288.79,160.74
2019-04-09,91.48,29.3225,287.31,159.82
2019-04-10,91.48,29.37,288.29,160.45
2019-04-11,91.51,29.32,288.21,160.51
2019-04-12,91.51,29.2975,290.16,161.55
2019-04-15,91.52,29.26,289.97,161.46
2019-04-16,91.52,29.2325,290.16,161.55
2019-04-17,91.54,29.215,289.45,161.07
2019-04-18,91.55,29.2225,290.02,161.28
2019-04-22,91.55,,290.27,161.42
2019-04-23,91.55,29.1475,292.88,162.88
2019-04-24,91.57,29.2175,292.23,162.6
2019-04-25,91.59,29.1775,292.05,162.48
2019-04-26,91.58,29.25,293.41,163.27
2019-04-29,91.59,29.2225,293.87,163.49
2019-04-30,91.6,29.2825,294.02,163.5
2019-05-01,91.43,29.355,291.81,162.33
2019-05-02,91.44,29.23,291.18,162.08
2019-05-03,91.45,29.29,294.03,163.61
2019-05-06,91.46,,292.82,163.01
2019-05-07,91.47,29.3375,287.93,160.38
2019-05-08,91.47,29.385,287.53,160.01
2019-05-09,91.48,29.4075,286.66,159.66
2019-05-10,91.5,29.44,288.1,160.33
2019-05-13,91.49,29.455,280.86,156.28
2019-05-14,91.5,29.3925,283.4,157.61
2019-05-15,91.51,29.4275,285.06,158.55
2019-05-16,91.52,29.385,287.7,160.1
2019-05-17,91.53,29.365,285.84,158.97
2019-05-20,91.54,29.355,283.95,157.95
2019-05-21,91.54,29.2975,286.51,159.38
2019-05-22,91.56,29.3375,285.63,158.84
2019-05-23,91.58,29.4275,282.14,156.84
2019-05-24,91.58,29.505,282.78,157.2
2019-05-28,91.59,29.5,280.15,155.84
2019-05-29,91.59,29.535,278.27,154.69
2019-05-30,91.62,29.5025,279.03,155.06
2019-05-31,91.62,29.6325,275.27,153.15
2019-06-03,91.44,29.745,274.57,152.73
2019-06-04,91.46,29.8,280.53,156.12
2019-06-05,91.46,29.875,282.96,157.4
2019-06-06,91.49,29.9225,284.8,158.39
2019-06-07,91.48,30.0425,287.65,159.85
2019-06-10,91.5,29.9175,288.97,160.64
2019-06-11,91.49,29.9,288.9,160.6
2019-06-12,91.5,29.9425,288.39,160.37
2019-06-13,91.53,29.9325,289.58,161.07
2019-06-14,91.54,29.9175,289.26,160.75
2019-06-17,91.54,29.895,289.37,160.07
2019-06-18,91.54,30.015,292.4,161.58
2019-06-19,91.56,29.975,293.06,162.08
2019-06-20,91.57,30.225,295.86,163.68
2019-06-21,91.57,30.1775,294.0,163.27
2019-06-24,91.58,30.2975,293.64,162.95
2019-06-25,91.58,30.38,290.76,161.47
2019-06-26,91.6,30.2775,290.47,161.25
2019-06-27,91.6,30.2625,291.5,161.98
2019-06-28,91.61,30.2975,293.0,162.79
2019-07-01,91.44,30.2475,295.66,164.24
2019-07-02,91.45,30.275,296.43,164.8
2019-07-03,91.48,30.3575,298.8,166.02
2019-07-05,91.47,30.1775,298.46,165.79
2019-07-08,91.47,30.185,296.82,164.97
2019-07-09,91.48,30.14,297.19,165.24
2019-07-10,91.49,30.165,298.61,166.01
2019-07-11,91.51,30.1525,299.31,166.27
2019-07-12,91.52,30.11,300.65,167.14
2019-07-15,91.52,30.1625,300.75,167.18
2019-07-16,91.53,30.1,299.71,166.63
2019-07-17,91.53,30.1625,297.74,165.52
2019-07-18,91.56,30.2175,298.83,166.19
2019-07-19,91.56,30.255,297.17,165.18
2019-07-22,91.56,30.2625,297.9,165.58
2019-07-23,91.55,30.205,300.03,166.74
2019-07-24,91.57,30.23,301.44,167.69
2019-07-25,91.59,30.215,300.0,166.81
2019-07-26,91.58,30.185,302.01,167.98
2019-07-29,91.6,30.1675,301.46,167.62
2019-07-30,91.6,30.1525,300.72,167.31
2019-07-31,91.61,30.215,297.43,165.45
2019-08-01,91.48,29.9625,294.84,163.96
2019-08-02,91.48,30.14,292.62,162.63
2019-08-05,91.47,30.29,283.82,157.84
2019-08-06,91.48,30.3375,287.8,159.97
2019-08-07,91.5,30.4875,287.97,160.14
2019-08-08,91.51,30.3725,293.62,163.31
2019-08-09,91.5,30.45,291.62,162.04
2019-08-12,91.52,30.5025,288.07,160.13
2019-08-13,91.53,30.435,292.55,162.39
2019-08-14,91.52,30.51,283.9,157.71
2019-08-15,91.56,30.5475,284.65,158.1
2019-08-16,91.55,30.5375,288.85,160.42
2019-08-19,91.55,30.4625,292.33,162.31
2019-08-20,91.56,30.5125,290.09,161.07
2019-08-21,91.55,30.515,292.45,162.4
2019-08-22,91.58,30.4675,292.36,162.32
2019-08-23,91.57,30.585,284.85,158.16
2019-08-26,91.58,,288.0,159.87
2019-08-27,91.59,30.6275,286.87,159.17
2019-08-28,91.58,30.6925,288.89,160.24
2019-08-29,91.6,30.5675,292.58,162.37
2019-08-30,91.61,30.555,292.45,162.36
2019-09-03,91.46,30.605,290.74,161.32
2019-09-04,91.45,30.62,294.04,163.03
2019-09-05,91.46,30.4675,297.82,165.25
2019-09-06,91.47,30.525,298.05,165.35
2019-09-09,91.47,30.4325,298.2,165.28
2019-09-10,91.49,30.3425,298.13,165.28
2019-09-11,91.48,30.245,300.25,166.59
2019-09-12,91.5,30.27,301.29,167.08
2019-09-13,91.5,30.1425,301.09,166.91
2019-09-16,91.5,30.07,300.16,166.55
2019-09-17,91.51,30.1475,300.92,166.98
2019-09-18,91.53,30.23,301.1,166.92
2019-09-19,91.53,30.2425,301.08,166.95
2019-09-20,91.54,30.2375,298.28,166.15
2019-09-23,91.56,30.3525,298.21,166.21
2019-09-24,91.56,30.4025,295.87,164.09
2019-09-25,91.56,30.3125,297.62,165.08
2019-09-26,91.58,30.285,297.0,164.62
2019-09-27,91.58,30.26,295.4,163.68
2019-09-30,91.59,30.2325,296.77,164.54
2019-10-01,91.45,30.2775,293.24,162.57
2019-10-02,91.45,30.3275,288.06,159.7
2019-10-03,91.48,30.455,290.42,161.06
2019-10-04,91.48,30.4775,294.35,163.21
2019-10-07,91.49,30.465,293.08,162.62
2019-10-08,91.49,30.445,288.53,159.96
2019-10-09,91.49,30.385,291.27,161.5
2019-10-10,91.51,30.3025,293.24,162.49
2019-10-11,91.52,30.2475,296.28,164.29
2019-10-14,91.51,30.2425,295.95,164.15
2019-10-15,91.52,30.2375,298.88,165.73
2019-10-16,91.53,30.24,298.4,165.28
2019-10-17,91.54,30.345,299.28,165.84
2019-10-18,91.54,30.3225,297.97,165.14
2019-10-21,91.55,30.2625,299.99,166.2
2019-10-22,91.55,30.3,299.01,165.65
2019-10-23,91.55,30.3475,299.88,166.03
2019-10-24,91.57,30.32,300.37,166.49
2019-10-25,91.57,30.2675,301.6,167.17
2019-10-28,91.56,30.1825,303.3,168.12
2019-10-29,91.58,30.2475,303.21,168.02
2019-10-30,91.59,30.265,304.14,168.57
2019-10-31,91.6,30.4425,303.33,167.99
2019-11-01,91.46,30.445,306.14,169.67
2019-11-04,91.47,30.35,307.37,170.29
2019-11-05,91.46,30.195,307.03,170.19
2019-11-06,91.47,30.195,307.1,170.17
2019-11-07,91.49,30.0675,308.18,170.71
2019-11-08,91.49,30.0325,308.94,171.17
2019-11-11,91.49,30.02,308.35,170.96
2019-11-12,91.5,29.9925,309.0,171.2
2019-11-13,91.5,30.0775,309.1,171.3
2019-11-14,91.51,30.15,309.55,171.61
2019-11-15,91.5,30.1675,311.79,172.87
2019-11-18,91.52,30.235,312.02,172.95
2019-11-19,91.51,30.2525,311.93,173.03
2019-11-20,91.52,30.2625,310.77,172.47
2019-11-21,91.52,30.2375,310.27,172.07
2019-11-22,91.53,30.22,310.96,172.5
2019-11-25,91.53,30.21,313.37,173.84
2019-11-26,91.54,30.25,314.08,174.23
2019-11-27,91.56,30.2325,315.48,175.13
2019-11-29,91.56,30.1925,314.31,174.39
2019-12-02,91.45,30.1975,311.64,172.89
2019-12-03,91.44,30.3325,309.55,171.78
2019-12-04,91.45,30.285,311.46,172.73
2019-12-05,91.47,30.27,312.02,173.09
2019-12-06,91.47,30.2,314.87,174.55
2019-12-09,91.48,30.24,313.88,174.06
2019-12-10,91.48,30.255,313.53,173.9
2019-12-11,91.48,30.3,314.42,174.26
2019-12-12,91.5,30.225,317.13,175.75
2019-12-13,91.48,30.33,317.32,175.77
2019-12-16,91.5,30.3,319.5,176.24
2019-12-17,91.49,30.3125,319.57,176.28
2019-12-18,91.51,30.1975,319.59,176.26
2019-12-19,91.52,30.2325,320.9,177.04
2019-12-20,91.41,30.19,320.73,177.97
2019-12-23,91.41,30.19,321.22,178.14
2019-12-24,91.42,30.1875,321.23,178.09
2019-12-26,91.43,,322.94,178.97
2019-12-27,91.42,30.3175,322.86,178.93
2019-12-30,91.43,30.335,321.08,178.01
2019-12-31,91.43,30.41,321.86,178.42
2020-01-02,91.46,30.4275,324.87,179.96
2020-01-03,91.46,30.505,322.41,178.82
2020-01-06,91.45,30.5075,323.64,179.44
2020-01-07,91.45,30.4375,322.73,179.01
2020-01-08,91.47,30.3875,324.45,179.9
2020-01-09,91.48,30.27,326.65,181.08
2020-01-10,91.48,30.3575,325.71,180.58
2020-01-13,91.48,30.3275,327.95,181.89
2020-01-14,91.48,30.315,327.45,181.74
2020-01-15,91.49,30.3975,328.19,182.07
2020-01-16,91.51,30.365,330.92,183.6
2020-01-17,91.5,30.335,331.95,184.11
2020-01-21,91.51,30.4125,331.3,183.74
2020-01-22,91.51,30.4325,331.34,183.83
2020-01-23,91.52,30.505,331.72,184.06
2020-01-24,91.53,30.5075,327.9299,181.96
